,date,deceased
2192,2016-01-02,62
2193,2016-01-03,75
2194,2016-01-04,57
2195,2016-01-05,58
2196,2016-01-06,58
2197,2016-01-07,76
2198,2016-01-08,74
2199,2016-01-09,71
2200,2016-01-10,85
2201,2016-01-11,79
2202,2016-01-12,63
2203,2016-01-13,68
2204,2016-01-14,69
2205,2016-01-15,62
2206,2016-01-16,60
2207,2016-01-17,59
2208,2016-01-18,64
2209,2016-01-19,77
2210,2016-01-20,54
2211,2016-01-21,45
2212,2016-01-22,58
2213,2016-01-23,56
2214,2016-01-24,70
2215,2016-01-25,59
2216,2016-01-26,81
2217,2016-01-27,65
2218,2016-01-28,65
2219,2016-01-29,67
2220,2016-01-30,72
2221,2016-01-31,66
2222,2016-02-01,89
2223,2016-02-02,66
2224,2016-02-03,59
2225,2016-02-04,61
2226,2016-02-05,53
2227,2016-02-06,64
2228,2016-02-07,67
2229,2016-02-08,58
2230,2016-02-09,70
2231,2016-02-10,56
2232,2016-02-11,63
2233,2016-02-12,58
2234,2016-02-13,60
2235,2016-02-14,74
2236,2016-02-15,73
2237,2016-02-16,53
2238,2016-02-17,55
2239,2016-02-18,62
2240,2016-02-19,59
2241,2016-02-20,73
2242,2016-02-21,68
2243,2016-02-22,56
2244,2016-02-23,66
2245,2016-02-24,71
2246,2016-02-25,55
2247,2016-02-26,62
2248,2016-02-27,59
2249,2016-02-28,63
2250,2016-02-29,67
2251,2016-03-01,74
2252,2016-03-02,54
2253,2016-03-03,68
2254,2016-03-04,70
2255,2016-03-05,63
2256,2016-03-06,55
2257,2016-03-07,57
2258,2016-03-08,64
2259,2016-03-09,59
2260,2016-03-10,47
2261,2016-03-11,57
2262,2016-03-12,74
2263,2016-03-13,76
2264,2016-03-14,72
2265,2016-03-15,45
2266,2016-03-16,53
2267,2016-03-17,68
2268,2016-03-18,74
2269,2016-03-19,57
2270,2016-03-20,56
2271,2016-03-21,62
2272,2016-03-22,57
2273,2016-03-23,58
2274,2016-03-24,52
2275,2016-03-25,57
2276,2016-03-26,64
2277,2016-03-27,61
2278,2016-03-28,70
2279,2016-03-29,66
2280,2016-03-30,50
2281,2016-03-31,71
2282,2016-04-01,81
2283,2016-04-02,64
2284,2016-04-03,57
2285,2016-04-04,65
2286,2016-04-05,60
2287,2016-04-06,62
2288,2016-04-07,52
2289,2016-04-08,51
2290,2016-04-09,52
2291,2016-04-10,46
2292,2016-04-11,50
2293,2016-04-12,57
2294,2016-04-13,43
2295,2016-04-14,54
2296,2016-04-15,49
2297,2016-04-16,63
2298,2016-04-17,46
2299,2016-04-18,58
2300,2016-04-19,75
2301,2016-04-20,55
2302,2016-04-21,72
2303,2016-04-22,51
2304,2016-04-23,63
2305,2016-04-24,46
2306,2016-04-25,47
2307,2016-04-26,47
2308,2016-04-27,48
2309,2016-04-28,55
2310,2016-04-29,57
2311,2016-04-30,55
2312,2016-05-01,62
2313,2016-05-02,55
2314,2016-05-03,45
2315,2016-05-04,58
2316,2016-05-05,62
2317,2016-05-06,58
2318,2016-05-07,58
2319,2016-05-08,49
2320,2016-05-09,62
2321,2016-05-10,67
2322,2016-05-11,53
2323,2016-05-12,46
2324,2016-05-13,57
2325,2016-05-14,41
2326,2016-05-15,43
2327,2016-05-16,51
2328,2016-05-17,33
2329,2016-05-18,57
2330,2016-05-19,53
2331,2016-05-20,55
2332,2016-05-21,62
2333,2016-05-22,47
2334,2016-05-23,48
2335,2016-05-24,40
2336,2016-05-25,45
2337,2016-05-26,60
2338,2016-05-27,62
2339,2016-05-28,65
2340,2016-05-29,52
2341,2016-05-30,55
2342,2016-05-31,48
2343,2016-06-01,49
2344,2016-06-02,55
2345,2016-06-03,59
2346,2016-06-04,48
2347,2016-06-05,49
2348,2016-06-06,57
2349,2016-06-07,59
2350,2016-06-08,50
2351,2016-06-09,47
2352,2016-06-10,49
2353,2016-06-11,52
2354,2016-06-12,57
2355,2016-06-13,46
2356,2016-06-14,57
2357,2016-06-15,58
2358,2016-06-16,53
2359,2016-06-17,58
2360,2016-06-18,54
2361,2016-06-19,40
2362,2016-06-20,49
2363,2016-06-21,41
2364,2016-06-22,49
2365,2016-06-23,55
2366,2016-06-24,42
2367,2016-06-25,60
2368,2016-06-26,58
2369,2016-06-27,49
2370,2016-06-28,41
2371,2016-06-29,57
2372,2016-06-30,61
2373,2016-07-01,57
2374,2016-07-02,43
2375,2016-07-03,57
2376,2016-07-04,42
2377,2016-07-05,49
2378,2016-07-06,61
2379,2016-07-07,59
2380,2016-07-08,39
2381,2016-07-09,53
2382,2016-07-10,57
2383,2016-07-11,56
2384,2016-07-12,74
2385,2016-07-13,45
2386,2016-07-14,60
2387,2016-07-15,61
2388,2016-07-16,50
2389,2016-07-17,42
2390,2016-07-18,51
2391,2016-07-19,41
2392,2016-07-20,49
2393,2016-07-21,50
2394,2016-07-22,46
2395,2016-07-23,36
2396,2016-07-24,58
2397,2016-07-25,61
2398,2016-07-26,53
2399,2016-07-27,50
2400,2016-07-28,53
2401,2016-07-29,56
2402,2016-07-30,52
2403,2016-07-31,45
2404,2016-08-01,47
2405,2016-08-02,48
2406,2016-08-03,42
2407,2016-08-04,46
2408,2016-08-05,49
2409,2016-08-06,52
2410,2016-08-07,57
2411,2016-08-08,53
2412,2016-08-09,47
2413,2016-08-10,48
2414,2016-08-11,49
2415,2016-08-12,59
2416,2016-08-13,44
2417,2016-08-14,43
2418,2016-08-15,55
2419,2016-08-16,64
2420,2016-08-17,53
2421,2016-08-18,38
2422,2016-08-19,56
2423,2016-08-20,56
2424,2016-08-21,48
2425,2016-08-22,55
2426,2016-08-23,48
2427,2016-08-24,52
2428,2016-08-25,43
2429,2016-08-26,57
2430,2016-08-27,62
2431,2016-08-28,53
2432,2016-08-29,58
2433,2016-08-30,68
2434,2016-08-31,48
2435,2016-09-01,48
2436,2016-09-02,58
2437,2016-09-03,62
2438,2016-09-04,50
2439,2016-09-05,57
2440,2016-09-06,53
2441,2016-09-07,53
2442,2016-09-08,56
2443,2016-09-09,43
2444,2016-09-10,48
2445,2016-09-11,35
2446,2016-09-12,52
2447,2016-09-13,58
2448,2016-09-14,51
2449,2016-09-15,52
2450,2016-09-16,45
2451,2016-09-17,62
2452,2016-09-18,61
2453,2016-09-19,44
2454,2016-09-20,43
2455,2016-09-21,58
2456,2016-09-22,50
2457,2016-09-23,48
2458,2016-09-24,57
2459,2016-09-25,74
2460,2016-09-26,46
2461,2016-09-27,61
2462,2016-09-28,37
2463,2016-09-29,53
2464,2016-09-30,59
2465,2016-10-01,57
2466,2016-10-02,63
2467,2016-10-03,51
2468,2016-10-04,46
2469,2016-10-05,59
2470,2016-10-06,46
2471,2016-10-07,75
2472,2016-10-08,50
2473,2016-10-09,60
2474,2016-10-10,52
2475,2016-10-11,55
2476,2016-10-12,52
2477,2016-10-13,45
2478,2016-10-14,56
2479,2016-10-15,84
2480,2016-10-16,71
2481,2016-10-17,60
2482,2016-10-18,45
2483,2016-10-19,54
2484,2016-10-20,45
2485,2016-10-21,51
2486,2016-10-22,67
2487,2016-10-23,66
2488,2016-10-24,43
2489,2016-10-25,61
2490,2016-10-26,71
2491,2016-10-27,53
2492,2016-10-28,59
2493,2016-10-29,66
2494,2016-10-30,59
2495,2016-10-31,46
2496,2016-11-01,48
2497,2016-11-02,60
2498,2016-11-03,40
2499,2016-11-04,47
2500,2016-11-05,50
2501,2016-11-06,68
2502,2016-11-07,50
2503,2016-11-08,42
2504,2016-11-09,56
2505,2016-11-10,59
2506,2016-11-11,60
2507,2016-11-12,67
2508,2016-11-13,60
2509,2016-11-14,63
2510,2016-11-15,61
2511,2016-11-16,51
2512,2016-11-17,51
2513,2016-11-18,71
2514,2016-11-19,48
2515,2016-11-20,54
2516,2016-11-21,56
2517,2016-11-22,48
2518,2016-11-23,64
2519,2016-11-24,55
2520,2016-11-25,54
2521,2016-11-26,53
2522,2016-11-27,50
2523,2016-11-28,44
2524,2016-11-29,64
2525,2016-11-30,51
2526,2016-12-01,38
2527,2016-12-02,55
2528,2016-12-03,60
2529,2016-12-04,63
2530,2016-12-05,62
2531,2016-12-06,59
2532,2016-12-07,64
2533,2016-12-08,63
2534,2016-12-09,58
2535,2016-12-10,57
2536,2016-12-11,50
2537,2016-12-12,43
2538,2016-12-13,60
2539,2016-12-14,58
2540,2016-12-15,53
2541,2016-12-16,50
2542,2016-12-17,49
2543,2016-12-18,50
2544,2016-12-19,63
2545,2016-12-20,75
2546,2016-12-21,57
2547,2016-12-22,62
2548,2016-12-23,55
2549,2016-12-24,55
2550,2016-12-25,62
2551,2016-12-26,70
2552,2016-12-27,84
2553,2016-12-28,64
2554,2016-12-29,63
2555,2016-12-30,61
2556,2016-12-31,66
2557,2017-01-01,80
2558,2017-01-02,73
2559,2017-01-03,75
2560,2017-01-04,72
2561,2017-01-05,63
2562,2017-01-06,66
2563,2017-01-07,70
2564,2017-01-08,79
2565,2017-01-09,86
2566,2017-01-10,71
2567,2017-01-11,76
2568,2017-01-12,89
2569,2017-01-13,78
2570,2017-01-14,66
2571,2017-01-15,96
2572,2017-01-16,96
2573,2017-01-17,99
2574,2017-01-18,87
2575,2017-01-19,71
2576,2017-01-20,77
2577,2017-01-21,84
2578,2017-01-22,82
2579,2017-01-23,76
2580,2017-01-24,76
2581,2017-01-25,76
2582,2017-01-26,86
2583,2017-01-27,85
2584,2017-01-28,93
2585,2017-01-29,105
2586,2017-01-30,90
2587,2017-01-31,101
2588,2017-02-01,74
2589,2017-02-02,101
2590,2017-02-03,96
2591,2017-02-04,74
2592,2017-02-05,84
2593,2017-02-06,79
2594,2017-02-07,79
2595,2017-02-08,80
2596,2017-02-09,71
2597,2017-02-10,81
2598,2017-02-11,86
2599,2017-02-12,72
2600,2017-02-13,72
2601,2017-02-14,77
2602,2017-02-15,76
2603,2017-02-16,75
2604,2017-02-17,63
2605,2017-02-18,67
2606,2017-02-19,63
2607,2017-02-20,73
2608,2017-02-21,59
2609,2017-02-22,74
2610,2017-02-23,65
2611,2017-02-24,72
2612,2017-02-25,69
2613,2017-02-26,71
2614,2017-02-27,70
2615,2017-02-28,65
2616,2017-03-01,77
2617,2017-03-02,65
2618,2017-03-03,66
2619,2017-03-04,53
2620,2017-03-05,63
2621,2017-03-06,56
2622,2017-03-07,55
2623,2017-03-08,62
2624,2017-03-09,55
2625,2017-03-10,55
2626,2017-03-11,53
2627,2017-03-12,50
2628,2017-03-13,54
2629,2017-03-14,69
2630,2017-03-15,58
2631,2017-03-16,50
2632,2017-03-17,58
2633,2017-03-18,65
2634,2017-03-19,59
2635,2017-03-20,58
2636,2017-03-21,78
2637,2017-03-22,60
2638,2017-03-23,59
2639,2017-03-24,58
2640,2017-03-25,70
2641,2017-03-26,57
2642,2017-03-27,50
2643,2017-03-28,66
2644,2017-03-29,57
2645,2017-03-30,68
2646,2017-03-31,57
2647,2017-04-01,59
2648,2017-04-02,67
2649,2017-04-03,57
2650,2017-04-04,54
2651,2017-04-05,57
2652,2017-04-06,51
2653,2017-04-07,55
2654,2017-04-08,51
2655,2017-04-09,52
2656,2017-04-10,66
2657,2017-04-11,49
2658,2017-04-12,49
2659,2017-04-13,47
2660,2017-04-14,59
2661,2017-04-15,46
2662,2017-04-16,52
2663,2017-04-17,62
2664,2017-04-18,46
2665,2017-04-19,47
2666,2017-04-20,60
2667,2017-04-21,56
2668,2017-04-22,62
2669,2017-04-23,66
2670,2017-04-24,46
2671,2017-04-25,45
2672,2017-04-26,65
2673,2017-04-27,56
2674,2017-04-28,53
2675,2017-04-29,58
2676,2017-04-30,63
2677,2017-05-01,50
2678,2017-05-02,51
2679,2017-05-03,49
2680,2017-05-04,50
2681,2017-05-05,57
2682,2017-05-06,58
2683,2017-05-07,54
2684,2017-05-08,62
2685,2017-05-09,50
2686,2017-05-10,51
2687,2017-05-11,46
2688,2017-05-12,60
2689,2017-05-13,55
2690,2017-05-14,53
2691,2017-05-15,47
2692,2017-05-16,51
2693,2017-05-17,52
2694,2017-05-18,65
2695,2017-05-19,56
2696,2017-05-20,54
2697,2017-05-21,56
2698,2017-05-22,53
2699,2017-05-23,53
2700,2017-05-24,60
2701,2017-05-25,42
2702,2017-05-26,66
2703,2017-05-27,48
2704,2017-05-28,36
2705,2017-05-29,64
2706,2017-05-30,66
2707,2017-05-31,57
2708,2017-06-01,57
2709,2017-06-02,50
2710,2017-06-03,58
2711,2017-06-04,45
2712,2017-06-05,53
2713,2017-06-06,57
2714,2017-06-07,41
2715,2017-06-08,39
2716,2017-06-09,50
2717,2017-06-10,68
2718,2017-06-11,61
2719,2017-06-12,56
2720,2017-06-13,55
2721,2017-06-14,57
2722,2017-06-15,57
2723,2017-06-16,56
2724,2017-06-17,33
2725,2017-06-18,44
2726,2017-06-19,54
2727,2017-06-20,59
2728,2017-06-21,53
2729,2017-06-22,45
2730,2017-06-23,49
2731,2017-06-24,63
2732,2017-06-25,41
2733,2017-06-26,38
2734,2017-06-27,49
2735,2017-06-28,57
2736,2017-06-29,52
2737,2017-06-30,44
2738,2017-07-01,50
2739,2017-07-02,55
2740,2017-07-03,48
2741,2017-07-04,54
2742,2017-07-05,46
2743,2017-07-06,56
2744,2017-07-07,55
2745,2017-07-08,63
2746,2017-07-09,60
2747,2017-07-10,50
2748,2017-07-11,52
2749,2017-07-12,44
2750,2017-07-13,61
2751,2017-07-14,40
2752,2017-07-15,52
2753,2017-07-16,45
2754,2017-07-17,43
2755,2017-07-18,62
2756,2017-07-19,51
2757,2017-07-20,45
2758,2017-07-21,59
2759,2017-07-22,68
2760,2017-07-23,45
2761,2017-07-24,48
2762,2017-07-25,61
2763,2017-07-26,44
2764,2017-07-27,46
2765,2017-07-28,48
2766,2017-07-29,49
2767,2017-07-30,46
2768,2017-07-31,49
2769,2017-08-01,52
2770,2017-08-02,48
2771,2017-08-03,54
2772,2017-08-04,53
2773,2017-08-05,60
2774,2017-08-06,49
2775,2017-08-07,54
2776,2017-08-08,48
2777,2017-08-09,57
2778,2017-08-10,39
2779,2017-08-11,40
2780,2017-08-12,43
2781,2017-08-13,46
2782,2017-08-14,60
2783,2017-08-15,47
2784,2017-08-16,47
2785,2017-08-17,51
2786,2017-08-18,61
2787,2017-08-19,45
2788,2017-08-20,63
2789,2017-08-21,45
2790,2017-08-22,39
2791,2017-08-23,48
2792,2017-08-24,63
2793,2017-08-25,56
2794,2017-08-26,53
2795,2017-08-27,60
2796,2017-08-28,71
2797,2017-08-29,49
2798,2017-08-30,57
2799,2017-08-31,60
2800,2017-09-01,54
2801,2017-09-02,45
2802,2017-09-03,52
2803,2017-09-04,54
2804,2017-09-05,50
2805,2017-09-06,47
2806,2017-09-07,45
2807,2017-09-08,50
2808,2017-09-09,55
2809,2017-09-10,58
2810,2017-09-11,71
2811,2017-09-12,45
2812,2017-09-13,54
2813,2017-09-14,58
2814,2017-09-15,45
2815,2017-09-16,36
2816,2017-09-17,51
2817,2017-09-18,49
2818,2017-09-19,46
2819,2017-09-20,59
2820,2017-09-21,48
2821,2017-09-22,60
2822,2017-09-23,60
2823,2017-09-24,60
2824,2017-09-25,54
2825,2017-09-26,58
2826,2017-09-27,64
2827,2017-09-28,59
2828,2017-09-29,36
2829,2017-09-30,61
2830,2017-10-01,64
2831,2017-10-02,62
2832,2017-10-03,56
2833,2017-10-04,48
2834,2017-10-05,71
2835,2017-10-06,69
2836,2017-10-07,39
2837,2017-10-08,61
2838,2017-10-09,53
2839,2017-10-10,64
2840,2017-10-11,51
2841,2017-10-12,59
2842,2017-10-13,57
2843,2017-10-14,45
2844,2017-10-15,61
2845,2017-10-16,59
2846,2017-10-17,60
2847,2017-10-18,68
2848,2017-10-19,63
2849,2017-10-20,39
2850,2017-10-21,45
2851,2017-10-22,58
2852,2017-10-23,48
2853,2017-10-24,55
2854,2017-10-25,57
2855,2017-10-26,44
2856,2017-10-27,50
2857,2017-10-28,50
2858,2017-10-29,55
2859,2017-10-30,52
2860,2017-10-31,47
2861,2017-11-01,66
2862,2017-11-02,49
2863,2017-11-03,62
2864,2017-11-04,70
2865,2017-11-05,52
2866,2017-11-06,53
2867,2017-11-07,55
2868,2017-11-08,66
2869,2017-11-09,56
2870,2017-11-10,52
2871,2017-11-11,63
2872,2017-11-12,58
2873,2017-11-13,50
2874,2017-11-14,53
2875,2017-11-15,62
2876,2017-11-16,61
2877,2017-11-17,55
2878,2017-11-18,59
2879,2017-11-19,72
2880,2017-11-20,55
2881,2017-11-21,61
2882,2017-11-22,55
2883,2017-11-23,61
2884,2017-11-24,56
2885,2017-11-25,63
2886,2017-11-26,55
2887,2017-11-27,47
2888,2017-11-28,52
2889,2017-11-29,60
2890,2017-11-30,53
2891,2017-12-01,59
2892,2017-12-02,52
2893,2017-12-03,56
2894,2017-12-04,54
2895,2017-12-05,47
2896,2017-12-06,47
2897,2017-12-07,67
2898,2017-12-08,70
2899,2017-12-09,70
2900,2017-12-10,59
2901,2017-12-11,66
2902,2017-12-12,59
2903,2017-12-13,52
2904,2017-12-14,65
2905,2017-12-15,65
2906,2017-12-16,60
2907,2017-12-17,45
2908,2017-12-18,75
2909,2017-12-19,53
2910,2017-12-20,55
2911,2017-12-21,54
2912,2017-12-22,60
2913,2017-12-23,51
2914,2017-12-24,64
2915,2017-12-25,56
2916,2017-12-26,64
2917,2017-12-27,69
2918,2017-12-28,66
2919,2017-12-29,68
2920,2017-12-30,56
2921,2017-12-31,58
2922,2018-01-01,65
2923,2018-01-02,57
2924,2018-01-03,53
2925,2018-01-04,62
2926,2018-01-05,62
2927,2018-01-06,69
2928,2018-01-07,64
2929,2018-01-08,62
2930,2018-01-09,60
2931,2018-01-10,59
2932,2018-01-11,59
2933,2018-01-12,59
2934,2018-01-13,59
2935,2018-01-14,56
2936,2018-01-15,72
2937,2018-01-16,56
2938,2018-01-17,58
2939,2018-01-18,66
2940,2018-01-19,59
2941,2018-01-20,46
2942,2018-01-21,58
2943,2018-01-22,64
2944,2018-01-23,66
2945,2018-01-24,60
2946,2018-01-25,60
2947,2018-01-26,61
2948,2018-01-27,66
2949,2018-01-28,67
2950,2018-01-29,72
2951,2018-01-30,75
2952,2018-01-31,58
2953,2018-02-01,64
2954,2018-02-02,72
2955,2018-02-03,70
2956,2018-02-04,71
2957,2018-02-05,55
2958,2018-02-06,54
2959,2018-02-07,62
2960,2018-02-08,74
2961,2018-02-09,66
2962,2018-02-10,74
2963,2018-02-11,47
2964,2018-02-12,80
2965,2018-02-13,74
2966,2018-02-14,52
2967,2018-02-15,74
2968,2018-02-16,76
2969,2018-02-17,81
2970,2018-02-18,74
2971,2018-02-19,64
2972,2018-02-20,79
2973,2018-02-21,59
2974,2018-02-22,67
2975,2018-02-23,72
2976,2018-02-24,85
2977,2018-02-25,75
2978,2018-02-26,74
2979,2018-02-27,87
2980,2018-02-28,71
2981,2018-03-01,71
2982,2018-03-02,64
2983,2018-03-03,83
2984,2018-03-04,79
2985,2018-03-05,80
2986,2018-03-06,63
2987,2018-03-07,70
2988,2018-03-08,67
2989,2018-03-09,76
2990,2018-03-10,62
2991,2018-03-11,61
2992,2018-03-12,71
2993,2018-03-13,68
2994,2018-03-14,61
2995,2018-03-15,71
2996,2018-03-16,76
2997,2018-03-17,71
2998,2018-03-18,79
2999,2018-03-19,64
3000,2018-03-20,78
3001,2018-03-21,68
3002,2018-03-22,51
3003,2018-03-23,78
3004,2018-03-24,61
3005,2018-03-25,54
3006,2018-03-26,58
3007,2018-03-27,66
3008,2018-03-28,63
3009,2018-03-29,67
3010,2018-03-30,72
3011,2018-03-31,63
3012,2018-04-01,62
3013,2018-04-02,50
3014,2018-04-03,72
3015,2018-04-04,59
3016,2018-04-05,66
3017,2018-04-06,72
3018,2018-04-07,74
3019,2018-04-08,53
3020,2018-04-09,57
3021,2018-04-10,56
3022,2018-04-11,57
3023,2018-04-12,67
3024,2018-04-13,62
3025,2018-04-14,50
3026,2018-04-15,58
3027,2018-04-16,54
3028,2018-04-17,45
3029,2018-04-18,58
3030,2018-04-19,65
3031,2018-04-20,60
3032,2018-04-21,56
3033,2018-04-22,61
3034,2018-04-23,61
3035,2018-04-24,62
3036,2018-04-25,61
3037,2018-04-26,54
3038,2018-04-27,50
3039,2018-04-28,55
3040,2018-04-29,70
3041,2018-04-30,56
3042,2018-05-01,51
3043,2018-05-02,40
3044,2018-05-03,62
3045,2018-05-04,58
3046,2018-05-05,45
3047,2018-05-06,46
3048,2018-05-07,51
3049,2018-05-08,51
3050,2018-05-09,54
3051,2018-05-10,57
3052,2018-05-11,52
3053,2018-05-12,55
3054,2018-05-13,54
3055,2018-05-14,45
3056,2018-05-15,60
3057,2018-05-16,48
3058,2018-05-17,50
3059,2018-05-18,61
3060,2018-05-19,61
3061,2018-05-20,43
3062,2018-05-21,67
3063,2018-05-22,58
3064,2018-05-23,47
3065,2018-05-24,49
3066,2018-05-25,59
3067,2018-05-26,51
3068,2018-05-27,44
3069,2018-05-28,63
3070,2018-05-29,49
3071,2018-05-30,56
3072,2018-05-31,54
3073,2018-06-01,53
3074,2018-06-02,54
3075,2018-06-03,51
3076,2018-06-04,59
3077,2018-06-05,49
3078,2018-06-06,56
3079,2018-06-07,48
3080,2018-06-08,50
3081,2018-06-09,50
3082,2018-06-10,60
3083,2018-06-11,46
3084,2018-06-12,61
3085,2018-06-13,49
3086,2018-06-14,47
3087,2018-06-15,50
3088,2018-06-16,44
3089,2018-06-17,53
3090,2018-06-18,59
3091,2018-06-19,51
3092,2018-06-20,61
3093,2018-06-21,54
3094,2018-06-22,49
3095,2018-06-23,46
3096,2018-06-24,48
3097,2018-06-25,49
3098,2018-06-26,58
3099,2018-06-27,39
3100,2018-06-28,41
3101,2018-06-29,49
3102,2018-06-30,57
3103,2018-07-01,44
3104,2018-07-02,53
3105,2018-07-03,48
3106,2018-07-04,48
3107,2018-07-05,48
3108,2018-07-06,48
3109,2018-07-07,46
3110,2018-07-08,50
3111,2018-07-09,59
3112,2018-07-10,57
3113,2018-07-11,40
3114,2018-07-12,49
3115,2018-07-13,47
3116,2018-07-14,42
3117,2018-07-15,43
3118,2018-07-16,62
3119,2018-07-17,52
3120,2018-07-18,52
3121,2018-07-19,63
3122,2018-07-20,65
3123,2018-07-21,53
3124,2018-07-22,51
3125,2018-07-23,64
3126,2018-07-24,69
3127,2018-07-25,43
3128,2018-07-26,41
3129,2018-07-27,54
3130,2018-07-28,65
3131,2018-07-29,49
3132,2018-07-30,61
3133,2018-07-31,65
3134,2018-08-01,54
3135,2018-08-02,60
3136,2018-08-03,57
3137,2018-08-04,60
3138,2018-08-05,56
3139,2018-08-06,49
3140,2018-08-07,64
3141,2018-08-08,65
3142,2018-08-09,52
3143,2018-08-10,62
3144,2018-08-11,57
3145,2018-08-12,60
3146,2018-08-13,47
3147,2018-08-14,45
3148,2018-08-15,59
3149,2018-08-16,50
3150,2018-08-17,50
3151,2018-08-18,48
3152,2018-08-19,55
3153,2018-08-20,54
3154,2018-08-21,56
3155,2018-08-22,62
3156,2018-08-23,51
3157,2018-08-24,67
3158,2018-08-25,53
3159,2018-08-26,47
3160,2018-08-27,58
3161,2018-08-28,55
3162,2018-08-29,51
3163,2018-08-30,50
3164,2018-08-31,49
3165,2018-09-01,56
3166,2018-09-02,62
3167,2018-09-03,65
3168,2018-09-04,44
3169,2018-09-05,41
3170,2018-09-06,53
3171,2018-09-07,55
3172,2018-09-08,62
3173,2018-09-09,57
3174,2018-09-10,62
3175,2018-09-11,52
3176,2018-09-12,55
3177,2018-09-13,58
3178,2018-09-14,65
3179,2018-09-15,56
3180,2018-09-16,61
3181,2018-09-17,51
3182,2018-09-18,73
3183,2018-09-19,67
3184,2018-09-20,68
3185,2018-09-21,46
3186,2018-09-22,56
3187,2018-09-23,42
3188,2018-09-24,39
3189,2018-09-25,55
3190,2018-09-26,40
3191,2018-09-27,56
3192,2018-09-28,57
3193,2018-09-29,58
3194,2018-09-30,55
3195,2018-10-01,51
3196,2018-10-02,66
3197,2018-10-03,47
3198,2018-10-04,58
3199,2018-10-05,58
3200,2018-10-06,54
3201,2018-10-07,64
3202,2018-10-08,58
3203,2018-10-09,57
3204,2018-10-10,45
3205,2018-10-11,65
3206,2018-10-12,52
3207,2018-10-13,65
3208,2018-10-14,55
3209,2018-10-15,50
3210,2018-10-16,67
3211,2018-10-17,57
3212,2018-10-18,53
3213,2018-10-19,64
3214,2018-10-20,54
3215,2018-10-21,47
3216,2018-10-22,63
3217,2018-10-23,59
3218,2018-10-24,62
3219,2018-10-25,67
3220,2018-10-26,54
3221,2018-10-27,55
3222,2018-10-28,64
3223,2018-10-29,53
3224,2018-10-30,56
3225,2018-10-31,58
3226,2018-11-01,56
3227,2018-11-02,66
3228,2018-11-03,68
3229,2018-11-04,44
3230,2018-11-05,50
3231,2018-11-06,63
3232,2018-11-07,48
3233,2018-11-08,53
3234,2018-11-09,46
3235,2018-11-10,48
3236,2018-11-11,51
3237,2018-11-12,64
3238,2018-11-13,69
3239,2018-11-14,46
3240,2018-11-15,63
3241,2018-11-16,54
3242,2018-11-17,46
3243,2018-11-18,60
3244,2018-11-19,51
3245,2018-11-20,57
3246,2018-11-21,58
3247,2018-11-22,54
3248,2018-11-23,58
3249,2018-11-24,42
3250,2018-11-25,76
3251,2018-11-26,46
3252,2018-11-27,64
3253,2018-11-28,52
3254,2018-11-29,55
3255,2018-11-30,77
3256,2018-12-01,60
3257,2018-12-02,73
3258,2018-12-03,53
3259,2018-12-04,67
3260,2018-12-05,75
3261,2018-12-06,63
3262,2018-12-07,53
3263,2018-12-08,56
3264,2018-12-09,54
3265,2018-12-10,63
3266,2018-12-11,55
3267,2018-12-12,65
3268,2018-12-13,81
3269,2018-12-14,44
3270,2018-12-15,63
3271,2018-12-16,67
3272,2018-12-17,70
3273,2018-12-18,66
3274,2018-12-19,50
3275,2018-12-20,72
3276,2018-12-21,66
3277,2018-12-22,70
3278,2018-12-23,72
3279,2018-12-24,54
3280,2018-12-25,53
3281,2018-12-26,76
3282,2018-12-27,73
3283,2018-12-28,67
3284,2018-12-29,68
3285,2018-12-30,52
3286,2018-12-31,58
3287,2019-01-01,83
3288,2019-01-02,71
3289,2019-01-03,69
3290,2019-01-04,67
3291,2019-01-05,76
3292,2019-01-06,75
3293,2019-01-07,88
3294,2019-01-08,63
3295,2019-01-09,66
3296,2019-01-10,79
3297,2019-01-11,76
3298,2019-01-12,81
3299,2019-01-13,62
3300,2019-01-14,67
3301,2019-01-15,69
3302,2019-01-16,72
3303,2019-01-17,81
3304,2019-01-18,82
3305,2019-01-19,60
3306,2019-01-20,68
3307,2019-01-21,76
3308,2019-01-22,65
3309,2019-01-23,86
3310,2019-01-24,74
3311,2019-01-25,66
3312,2019-01-26,62
3313,2019-01-27,55
3314,2019-01-28,75
3315,2019-01-29,65
3316,2019-01-30,76
3317,2019-01-31,69
3318,2019-02-01,80
3319,2019-02-02,73
3320,2019-02-03,85
3321,2019-02-04,72
3322,2019-02-05,75
3323,2019-02-06,72
3324,2019-02-07,79
3325,2019-02-08,86
3326,2019-02-09,62
3327,2019-02-10,79
3328,2019-02-11,83
3329,2019-02-12,55
3330,2019-02-13,69
3331,2019-02-14,72
3332,2019-02-15,68
3333,2019-02-16,67
3334,2019-02-17,83
3335,2019-02-18,61
3336,2019-02-19,77
3337,2019-02-20,76
3338,2019-02-21,68
3339,2019-02-22,70
3340,2019-02-23,66
3341,2019-02-24,76
3342,2019-02-25,58
3343,2019-02-26,64
3344,2019-02-27,69
3345,2019-02-28,79
3346,2019-03-01,62
3347,2019-03-02,79
3348,2019-03-03,75
3349,2019-03-04,60
3350,2019-03-05,74
3351,2019-03-06,65
3352,2019-03-07,58
3353,2019-03-08,61
3354,2019-03-09,60
3355,2019-03-10,49
3356,2019-03-11,70
3357,2019-03-12,66
3358,2019-03-13,69
3359,2019-03-14,72
3360,2019-03-15,60
3361,2019-03-16,76
3362,2019-03-17,58
3363,2019-03-18,62
3364,2019-03-19,61
3365,2019-03-20,60
3366,2019-03-21,57
3367,2019-03-22,83
3368,2019-03-23,55
3369,2019-03-24,68
3370,2019-03-25,56
3371,2019-03-26,50
3372,2019-03-27,54
3373,2019-03-28,75
3374,2019-03-29,46
3375,2019-03-30,55
3376,2019-03-31,53
3377,2019-04-01,69
3378,2019-04-02,61
3379,2019-04-03,55
3380,2019-04-04,61
3381,2019-04-05,71
3382,2019-04-06,53
3383,2019-04-07,55
3384,2019-04-08,52
3385,2019-04-09,52
3386,2019-04-10,63
3387,2019-04-11,49
3388,2019-04-12,55
3389,2019-04-13,46
3390,2019-04-14,36
3391,2019-04-15,54
3392,2019-04-16,64
3393,2019-04-17,67
3394,2019-04-18,61
3395,2019-04-19,59
3396,2019-04-20,57
3397,2019-04-21,54
3398,2019-04-22,63
3399,2019-04-23,55
3400,2019-04-24,54
3401,2019-04-25,60
3402,2019-04-26,54
3403,2019-04-27,51
3404,2019-04-28,70
3405,2019-04-29,57
3406,2019-04-30,51
3407,2019-05-01,53
3408,2019-05-02,45
3409,2019-05-03,51
3410,2019-05-04,60
3411,2019-05-05,63
3412,2019-05-06,55
3413,2019-05-07,58
3414,2019-05-08,48
3415,2019-05-09,51
3416,2019-05-10,48
3417,2019-05-11,52
3418,2019-05-12,61
3419,2019-05-13,52
3420,2019-05-14,66
3421,2019-05-15,45
3422,2019-05-16,57
3423,2019-05-17,61
3424,2019-05-18,67
3425,2019-05-19,60
3426,2019-05-20,50
3427,2019-05-21,65
3428,2019-05-22,54
3429,2019-05-23,60
3430,2019-05-24,56
3431,2019-05-25,67
3432,2019-05-26,67
3433,2019-05-27,61
3434,2019-05-28,57
3435,2019-05-29,39
3436,2019-05-30,51
3437,2019-05-31,36
3438,2019-06-01,67
3439,2019-06-02,52
3440,2019-06-03,46
3441,2019-06-04,51
3442,2019-06-05,42
3443,2019-06-06,42
3444,2019-06-07,61
3445,2019-06-08,54
3446,2019-06-09,40
3447,2019-06-10,57
3448,2019-06-11,50
3449,2019-06-12,54
3450,2019-06-13,45
3451,2019-06-14,43
3452,2019-06-15,50
3453,2019-06-16,58
3454,2019-06-17,54
3455,2019-06-18,65
3456,2019-06-19,56
3457,2019-06-20,51
3458,2019-06-21,47
3459,2019-06-22,59
3460,2019-06-23,52
3461,2019-06-24,48
3462,2019-06-25,41
3463,2019-06-26,55
3464,2019-06-27,65
3465,2019-06-28,46
3466,2019-06-29,40
3467,2019-06-30,53
3468,2019-07-01,51
3469,2019-07-02,48
3470,2019-07-03,42
3471,2019-07-04,60
3472,2019-07-05,41
3473,2019-07-06,44
3474,2019-07-07,65
3475,2019-07-08,43
3476,2019-07-09,51
3477,2019-07-10,61
3478,2019-07-11,39
3479,2019-07-12,54
3480,2019-07-13,49
3481,2019-07-14,48
3482,2019-07-15,55
3483,2019-07-16,41
3484,2019-07-17,50
3485,2019-07-18,50
3486,2019-07-19,57
3487,2019-07-20,57
3488,2019-07-21,54
3489,2019-07-22,46
3490,2019-07-23,59
3491,2019-07-24,76
3492,2019-07-25,62
3493,2019-07-26,69
3494,2019-07-27,62
3495,2019-07-28,51
3496,2019-07-29,63
3497,2019-07-30,49
3498,2019-07-31,46
3499,2019-08-01,66
3500,2019-08-02,56
3501,2019-08-03,55
3502,2019-08-04,47
3503,2019-08-05,61
3504,2019-08-06,60
3505,2019-08-07,51
3506,2019-08-08,46
3507,2019-08-09,55
3508,2019-08-10,61
3509,2019-08-11,55
3510,2019-08-12,62
3511,2019-08-13,56
3512,2019-08-14,53
3513,2019-08-15,52
3514,2019-08-16,54
3515,2019-08-17,49
3516,2019-08-18,40
3517,2019-08-19,70
3518,2019-08-20,48
3519,2019-08-21,59
3520,2019-08-22,47
3521,2019-08-23,53
3522,2019-08-24,70
3523,2019-08-25,49
3524,2019-08-26,52
3525,2019-08-27,49
3526,2019-08-28,50
3527,2019-08-29,67
3528,2019-08-30,35
3529,2019-08-31,52
3530,2019-09-01,51
3531,2019-09-02,55
3532,2019-09-03,46
3533,2019-09-04,42
3534,2019-09-05,64
3535,2019-09-06,54
3536,2019-09-07,47
3537,2019-09-08,43
3538,2019-09-09,56
3539,2019-09-10,66
3540,2019-09-11,50
3541,2019-09-12,56
3542,2019-09-13,66
3543,2019-09-14,58
3544,2019-09-15,49
3545,2019-09-16,57
3546,2019-09-17,29
3547,2019-09-18,55
3548,2019-09-19,50
3549,2019-09-20,52
3550,2019-09-21,53
3551,2019-09-22,60
3552,2019-09-23,58
3553,2019-09-24,51
3554,2019-09-25,67
3555,2019-09-26,40
3556,2019-09-27,58
3557,2019-09-28,51
3558,2019-09-29,61
3559,2019-09-30,59
3560,2019-10-01,46
3561,2019-10-02,57
3562,2019-10-03,51
3563,2019-10-04,58
3564,2019-10-05,62
3565,2019-10-06,62
3566,2019-10-07,63
3567,2019-10-08,57
3568,2019-10-09,54
3569,2019-10-10,56
3570,2019-10-11,55
3571,2019-10-12,50
3572,2019-10-13,56
3573,2019-10-14,63
3574,2019-10-15,55
3575,2019-10-16,64
3576,2019-10-17,57
3577,2019-10-18,54
3578,2019-10-19,50
3579,2019-10-20,54
3580,2019-10-21,55
3581,2019-10-22,53
3582,2019-10-23,63
3583,2019-10-24,61
3584,2019-10-25,56
3585,2019-10-26,48
3586,2019-10-27,47
3587,2019-10-28,40
3588,2019-10-29,46
3589,2019-10-30,54
3590,2019-10-31,37
3591,2019-11-01,54
3592,2019-11-02,54
3593,2019-11-03,61
3594,2019-11-04,61
3595,2019-11-05,65
3596,2019-11-06,57
3597,2019-11-07,59
3598,2019-11-08,61
3599,2019-11-09,49
3600,2019-11-10,51
3601,2019-11-11,69
3602,2019-11-12,61
3603,2019-11-13,62
3604,2019-11-14,48
3605,2019-11-15,63
3606,2019-11-16,58
3607,2019-11-17,56
3608,2019-11-18,43
3609,2019-11-19,53
3610,2019-11-20,59
3611,2019-11-21,56
3612,2019-11-22,61
3613,2019-11-23,49
3614,2019-11-24,58
3615,2019-11-25,60
3616,2019-11-26,54
3617,2019-11-27,60
3618,2019-11-28,44
3619,2019-11-29,50
3620,2019-11-30,48
3621,2019-12-01,59
3622,2019-12-02,76
3623,2019-12-03,59
3624,2019-12-04,57
3625,2019-12-05,65
3626,2019-12-06,72
3627,2019-12-07,62
3628,2019-12-08,60
3629,2019-12-09,55
3630,2019-12-10,62
3631,2019-12-11,61
3632,2019-12-12,61
3633,2019-12-13,70
3634,2019-12-14,71
3635,2019-12-15,78
3636,2019-12-16,66
3637,2019-12-17,73
3638,2019-12-18,53
3639,2019-12-19,62
3640,2019-12-20,58
3641,2019-12-21,66
3642,2019-12-22,69
3643,2019-12-23,60
3644,2019-12-24,61
3645,2019-12-25,49
3646,2019-12-26,72
3647,2019-12-27,66
3648,2019-12-28,45
3649,2019-12-29,60
3650,2019-12-30,55
3651,2019-12-31,52
3652,2020-01-01,69
3653,2020-01-02,76
3654,2020-01-03,67
3655,2020-01-04,56
3656,2020-01-05,64
3657,2020-01-06,82
3658,2020-01-07,57
3659,2020-01-08,72
3660,2020-01-09,60
3661,2020-01-10,66
3662,2020-01-11,55
3663,2020-01-12,59
3664,2020-01-13,56
3665,2020-01-14,66
3666,2020-01-15,51
3667,2020-01-16,81
3668,2020-01-17,77
3669,2020-01-18,51
3670,2020-01-19,62
3671,2020-01-20,68
3672,2020-01-21,61
3673,2020-01-22,72
3674,2020-01-23,75
3675,2020-01-24,75
3676,2020-01-25,65
3677,2020-01-26,61
3678,2020-01-27,68
3679,2020-01-28,73
3680,2020-01-29,73
3681,2020-01-30,77
3682,2020-01-31,63
3683,2020-02-01,60
3684,2020-02-02,77
3685,2020-02-03,72
3686,2020-02-04,63
3687,2020-02-05,65
3688,2020-02-06,78
3689,2020-02-07,58
3690,2020-02-08,72
3691,2020-02-09,59
3692,2020-02-10,75
3693,2020-02-11,90
3694,2020-02-12,75
3695,2020-02-13,62
3696,2020-02-14,66
3697,2020-02-15,76
3698,2020-02-16,71
3699,2020-02-17,79
3700,2020-02-18,71
3701,2020-02-19,67
3702,2020-02-20,55
3703,2020-02-21,61
3704,2020-02-22,66
3705,2020-02-23,56
3706,2020-02-24,61
3707,2020-02-25,73
3708,2020-02-26,71
3709,2020-02-27,56
3710,2020-02-28,66
3711,2020-02-29,58
3712,2020-03-01,61
3713,2020-03-02,73
3714,2020-03-03,55
3715,2020-03-04,60
3716,2020-03-05,67
3717,2020-03-06,54
3718,2020-03-07,60
3719,2020-03-08,68
3720,2020-03-09,54
3721,2020-03-10,58
3722,2020-03-11,66
3723,2020-03-12,70
3724,2020-03-13,75
3725,2020-03-14,68
3726,2020-03-15,69
3727,2020-03-16,52
3728,2020-03-17,75
3729,2020-03-18,68
3730,2020-03-19,64
3731,2020-03-20,75
3732,2020-03-21,63
3733,2020-03-22,67
3734,2020-03-23,36
3735,2020-03-24,67
3736,2020-03-25,58
3737,2020-03-26,57
3738,2020-03-27,71
3739,2020-03-28,74
3740,2020-03-29,52
3741,2020-03-30,60
3742,2020-03-31,53
3743,2020-04-01,56
3744,2020-04-02,64
3745,2020-04-03,55
3746,2020-04-04,53
3747,2020-04-05,56
3748,2020-04-06,68
3749,2020-04-07,50
3750,2020-04-08,56
3751,2020-04-09,68
3752,2020-04-10,77
3753,2020-04-11,68
3754,2020-04-12,52
3755,2020-04-13,67
3756,2020-04-14,65
3757,2020-04-15,58
3758,2020-04-16,64
3759,2020-04-17,58
3760,2020-04-18,72
3761,2020-04-19,67
3762,2020-04-20,75
3763,2020-04-21,63
3764,2020-04-22,53
3765,2020-04-23,51
3766,2020-04-24,57
3767,2020-04-25,54
3768,2020-04-26,55
3769,2020-04-27,59
3770,2020-04-28,71
3771,2020-04-29,53
3772,2020-04-30,56
3773,2020-05-01,46
3774,2020-05-02,50
3775,2020-05-03,43
3776,2020-05-04,54
3777,2020-05-05,53
3778,2020-05-06,51
3779,2020-05-07,49
3780,2020-05-08,70
3781,2020-05-09,60
3782,2020-05-10,53
3783,2020-05-11,61
3784,2020-05-12,64
3785,2020-05-13,50
3786,2020-05-14,55
3787,2020-05-15,40
3788,2020-05-16,52
3789,2020-05-17,51
3790,2020-05-18,57
3791,2020-05-19,56
3792,2020-05-20,53
3793,2020-05-21,70
3794,2020-05-22,53
3795,2020-05-23,54
3796,2020-05-24,75
3797,2020-05-25,57
3798,2020-05-26,44
3799,2020-05-27,43
3800,2020-05-28,43
3801,2020-05-29,54
3802,2020-05-30,52
3803,2020-05-31,45
3804,2020-06-01,51
3805,2020-06-02,50
3806,2020-06-03,57
3807,2020-06-04,54
3808,2020-06-05,55
3809,2020-06-06,50
3810,2020-06-07,45
3811,2020-06-08,65
3812,2020-06-09,63
3813,2020-06-10,55
3814,2020-06-11,42
3815,2020-06-12,53
3816,2020-06-13,46
3817,2020-06-14,64
3818,2020-06-15,52
3819,2020-06-16,52
3820,2020-06-17,58
3821,2020-06-18,54
3822,2020-06-19,54
3823,2020-06-20,49
3824,2020-06-21,69
3825,2020-06-22,53
3826,2020-06-23,86
3827,2020-06-24,60
3828,2020-06-25,58
3829,2020-06-26,59
3830,2020-06-27,45
3831,2020-06-28,60
3832,2020-06-29,65
3833,2020-06-30,51
3834,2020-07-01,45
3835,2020-07-02,62
3836,2020-07-03,59
3837,2020-07-04,45
3838,2020-07-05,50
3839,2020-07-06,54
3840,2020-07-07,42
3841,2020-07-08,47
3842,2020-07-09,44
3843,2020-07-10,53
3844,2020-07-11,56
3845,2020-07-12,41
3846,2020-07-13,53
3847,2020-07-14,54
3848,2020-07-15,49
3849,2020-07-16,56
3850,2020-07-17,48
3851,2020-07-18,43
3852,2020-07-19,56
3853,2020-07-20,57
3854,2020-07-21,65
3855,2020-07-22,53
3856,2020-07-23,59
3857,2020-07-24,50
3858,2020-07-25,49
3859,2020-07-26,50
3860,2020-07-27,61
3861,2020-07-28,70
3862,2020-07-29,54
3863,2020-07-30,43
3864,2020-07-31,63
3865,2020-08-01,65
3866,2020-08-02,52
3867,2020-08-03,66
3868,2020-08-04,44
3869,2020-08-05,54
3870,2020-08-06,41
3871,2020-08-07,66
3872,2020-08-08,54
3873,2020-08-09,63
3874,2020-08-10,48
3875,2020-08-11,63
3876,2020-08-12,63
3877,2020-08-13,60
3878,2020-08-14,54
3879,2020-08-15,65
3880,2020-08-16,51
3881,2020-08-17,51
3882,2020-08-18,57
3883,2020-08-19,45
3884,2020-08-20,54
3885,2020-08-21,54
3886,2020-08-22,54
3887,2020-08-23,54
3888,2020-08-24,39
3889,2020-08-25,45
3890,2020-08-26,67
3891,2020-08-27,59
3892,2020-08-28,45
3893,2020-08-29,50
3894,2020-08-30,49
3895,2020-08-31,58
3896,2020-09-01,53
3897,2020-09-02,43
3898,2020-09-03,58
3899,2020-09-04,50
3900,2020-09-05,71
3901,2020-09-06,65
3902,2020-09-07,61
3903,2020-09-08,52
3904,2020-09-09,47
3905,2020-09-10,48
3906,2020-09-11,56
3907,2020-09-12,76
3908,2020-09-13,63
3909,2020-09-14,66
3910,2020-09-15,62
3911,2020-09-16,62
3912,2020-09-17,62
3913,2020-09-18,64
3914,2020-09-19,61
3915,2020-09-20,54
3916,2020-09-21,49
3917,2020-09-22,54
3918,2020-09-23,64
3919,2020-09-24,48
3920,2020-09-25,59
3921,2020-09-26,61
3922,2020-09-27,35
3923,2020-09-28,68
3924,2020-09-29,62
3925,2020-09-30,69
3926,2020-10-01,65
3927,2020-10-02,51
3928,2020-10-03,51
3929,2020-10-04,63
3930,2020-10-05,69
3931,2020-10-06,57
3932,2020-10-07,56
3933,2020-10-08,61
3934,2020-10-09,73
3935,2020-10-10,49
3936,2020-10-11,63
3937,2020-10-12,68
3938,2020-10-13,53
3939,2020-10-14,74
3940,2020-10-15,68
3941,2020-10-16,70
3942,2020-10-17,66
3943,2020-10-18,60
3944,2020-10-19,77
3945,2020-10-20,77
3946,2020-10-21,62
3947,2020-10-22,74
3948,2020-10-23,93
3949,2020-10-24,71
3950,2020-10-25,86
3951,2020-10-26,72
3952,2020-10-27,73
3953,2020-10-28,88
3954,2020-10-29,88
3955,2020-10-30,97
3956,2020-10-31,99
3957,2020-11-01,98
3958,2020-11-02,106
3959,2020-11-03,92
3960,2020-11-04,88
3961,2020-11-05,78
3962,2020-11-06,105
3963,2020-11-07,87
3964,2020-11-08,97
3965,2020-11-09,100
3966,2020-11-10,112
3967,2020-11-11,104
3968,2020-11-12,121
3969,2020-11-13,113
3970,2020-11-14,100
3971,2020-11-15,114
3972,2020-11-16,104
3973,2020-11-17,116
3974,2020-11-18,95
3975,2020-11-19,113
3976,2020-11-20,108
3977,2020-11-21,100
3978,2020-11-22,119
3979,2020-11-23,126
3980,2020-11-24,116
3981,2020-11-25,113
3982,2020-11-26,129
3983,2020-11-27,101
3984,2020-11-28,111
3985,2020-11-29,122
3986,2020-11-30,126
3987,2020-12-01,124
3988,2020-12-02,99
3989,2020-12-03,132
3990,2020-12-04,109
3991,2020-12-05,105
3992,2020-12-06,134
3993,2020-12-07,123
3994,2020-12-08,105
3995,2020-12-09,116
3996,2020-12-10,118
3997,2020-12-11,109
3998,2020-12-12,106
3999,2020-12-13,121
4000,2020-12-14,105
4001,2020-12-15,118
4002,2020-12-16,116
4003,2020-12-17,108
4004,2020-12-18,96
4005,2020-12-19,115
4006,2020-12-20,88
4007,2020-12-21,105
4008,2020-12-22,98
4009,2020-12-23,89
4010,2020-12-24,101
4011,2020-12-25,99
4012,2020-12-26,94
4013,2020-12-27,121
4014,2020-12-28,105
4015,2020-12-29,81
4016,2020-12-30,84
4017,2020-12-31,110
4018,2021-01-01,118
4019,2021-01-02,99
4020,2021-01-03,86
4021,2021-01-04,104
4022,2021-01-05,88
4023,2021-01-06,90
4024,2021-01-07,87
4025,2021-01-08,88
4026,2021-01-09,94
4027,2021-01-10,80
4028,2021-01-11,100
4029,2021-01-12,82
4030,2021-01-13,86
4031,2021-01-14,81
4032,2021-01-15,80
4033,2021-01-16,93
4034,2021-01-17,113
4035,2021-01-18,98
4036,2021-01-19,77
4037,2021-01-20,100
4038,2021-01-21,82
4039,2021-01-22,81
4040,2021-01-23,96
4041,2021-01-24,75
4042,2021-01-25,90
4043,2021-01-26,78
4044,2021-01-27,71
4045,2021-01-28,87
4046,2021-01-29,75
4047,2021-01-30,76
4048,2021-01-31,77
4049,2021-02-01,75
4050,2021-02-02,89
4051,2021-02-03,90
4052,2021-02-04,68
4053,2021-02-05,68
4054,2021-02-06,79
4055,2021-02-07,72
4056,2021-02-08,67
4057,2021-02-09,61
4058,2021-02-10,55
4059,2021-02-11,62
4060,2021-02-12,80
4061,2021-02-13,70
4062,2021-02-14,65
4063,2021-02-15,63
4064,2021-02-16,49
4065,2021-02-17,72
4066,2021-02-18,64
4067,2021-02-19,73
4068,2021-02-20,75
4069,2021-02-21,51
4070,2021-02-22,91
4071,2021-02-23,69
4072,2021-02-24,60
4073,2021-02-25,71
4074,2021-02-26,64
4075,2021-02-27,68
4076,2021-02-28,68
4077,2021-03-01,59
4078,2021-03-02,63
4079,2021-03-03,58
4080,2021-03-04,70
4081,2021-03-05,71
4082,2021-03-06,59
4083,2021-03-07,79
4084,2021-03-08,67
4085,2021-03-09,59
4086,2021-03-10,71
4087,2021-03-11,71
4088,2021-03-12,59
4089,2021-03-13,68
4090,2021-03-14,62
4091,2021-03-15,57
4092,2021-03-16,72
4093,2021-03-17,59
4094,2021-03-18,72
4095,2021-03-19,66
4096,2021-03-20,66
4097,2021-03-21,64
4098,2021-03-22,74
4099,2021-03-23,56
4100,2021-03-24,74
4101,2021-03-25,60
4102,2021-03-26,58
4103,2021-03-27,60
4104,2021-03-28,52
4105,2021-03-29,69
4106,2021-03-30,54
4107,2021-03-31,74
4108,2021-04-01,74
4109,2021-04-02,58
4110,2021-04-03,66
4111,2021-04-04,56
4112,2021-04-05,53
4113,2021-04-06,55
4114,2021-04-07,70
4115,2021-04-08,53
4116,2021-04-09,65
4117,2021-04-10,64
4118,2021-04-11,55
4119,2021-04-12,59
4120,2021-04-13,59
4121,2021-04-14,67
4122,2021-04-15,54
4123,2021-04-16,50
4124,2021-04-17,62
4125,2021-04-18,83
4126,2021-04-19,78
4127,2021-04-20,58
4128,2021-04-21,70
4129,2021-04-22,69
4130,2021-04-23,70
4131,2021-04-24,66
4132,2021-04-25,64
4133,2021-04-26,70
4134,2021-04-27,67
4135,2021-04-28,51
4136,2021-04-29,46
4137,2021-04-30,56
4138,2021-05-01,56
4139,2021-05-02,57
4140,2021-05-03,50
4141,2021-05-04,59
4142,2021-05-05,58
4143,2021-05-06,53
4144,2021-05-07,61
4145,2021-05-08,63
4146,2021-05-09,57
4147,2021-05-10,66
4148,2021-05-11,72
4149,2021-05-12,63
4150,2021-05-13,56
4151,2021-05-14,55
4152,2021-05-15,50
4153,2021-05-16,57
4154,2021-05-17,68
4155,2021-05-18,45
4156,2021-05-19,68
4157,2021-05-20,66
4158,2021-05-21,63
4159,2021-05-22,60
4160,2021-05-23,49
4161,2021-05-24,59
4162,2021-05-25,72
4163,2021-05-26,57
4164,2021-05-27,49
4165,2021-05-28,49
4166,2021-05-29,60
4167,2021-05-30,57
4168,2021-05-31,56
4169,2021-06-01,44
4170,2021-06-02,73
4171,2021-06-03,53
4172,2021-06-04,70
4173,2021-06-05,72
4174,2021-06-06,61
4175,2021-06-07,62
4176,2021-06-08,61
4177,2021-06-09,51
4178,2021-06-10,56
4179,2021-06-11,52
4180,2021-06-12,60
4181,2021-06-13,62
4182,2021-06-14,67
4183,2021-06-15,65
4184,2021-06-16,64
4185,2021-06-17,59
4186,2021-06-18,55
4187,2021-06-19,46
4188,2021-06-20,50
4189,2021-06-21,54
4190,2021-06-22,45
4191,2021-06-23,57
4192,2021-06-24,60
4193,2021-06-25,65
4194,2021-06-26,55
4195,2021-06-27,50
4196,2021-06-28,68
4197,2021-06-29,51
4198,2021-06-30,50
4199,2021-07-01,55
4200,2021-07-02,59
4201,2021-07-03,45
4202,2021-07-04,62
4203,2021-07-05,60
4204,2021-07-06,52
4205,2021-07-07,44
4206,2021-07-08,49
4207,2021-07-09,52
4208,2021-07-10,49
4209,2021-07-11,48
4210,2021-07-12,53
4211,2021-07-13,47
4212,2021-07-14,60
4213,2021-07-15,47
4214,2021-07-16,41
4215,2021-07-17,57
4216,2021-07-18,45
4217,2021-07-19,50
4218,2021-07-20,62
4219,2021-07-21,48
4220,2021-07-22,29
4221,2021-07-23,41
4222,2021-07-24,53
4223,2021-07-25,53
4224,2021-07-26,60
4225,2021-07-27,60
4226,2021-07-28,46
4227,2021-07-29,47
4228,2021-07-30,61
4229,2021-07-31,60
4230,2021-08-01,61
4231,2021-08-02,54
4232,2021-08-03,45
4233,2021-08-04,45
4234,2021-08-05,47
4235,2021-08-06,42
4236,2021-08-07,51
4237,2021-08-08,55
4238,2021-08-09,63
4239,2021-08-10,54
4240,2021-08-11,52
4241,2021-08-12,50
4242,2021-08-13,54
4243,2021-08-14,43
4244,2021-08-15,56
4245,2021-08-16,56
4246,2021-08-17,44
4247,2021-08-18,46
4248,2021-08-19,39
4249,2021-08-20,44
4250,2021-08-21,50
4251,2021-08-22,59
4252,2021-08-23,49
4253,2021-08-24,56
4254,2021-08-25,45
4255,2021-08-26,45
4256,2021-08-27,50
4257,2021-08-28,55
4258,2021-08-29,52
4259,2021-08-30,54
4260,2021-08-31,63
4261,2021-09-01,66
4262,2021-09-02,64
4263,2021-09-03,72
4264,2021-09-04,55
4265,2021-09-05,51
4266,2021-09-06,63
4267,2021-09-07,68
4268,2021-09-08,61
4269,2021-09-09,59
4270,2021-09-10,67
4271,2021-09-11,44
4272,2021-09-12,61
4273,2021-09-13,59
4274,2021-09-14,51
4275,2021-09-15,65
4276,2021-09-16,64
4277,2021-09-17,58
4278,2021-09-18,54
4279,2021-09-19,70
4280,2021-09-20,49
4281,2021-09-21,67
4282,2021-09-22,51
4283,2021-09-23,63
4284,2021-09-24,65
4285,2021-09-25,61
4286,2021-09-26,82
4287,2021-09-27,79
4288,2021-09-28,56
4289,2021-09-29,66
4290,2021-09-30,54
4291,2021-10-01,68
4292,2021-10-02,63
4293,2021-10-03,62
4294,2021-10-04,67
4295,2021-10-05,80
4296,2021-10-06,62
4297,2021-10-07,50
4298,2021-10-08,47
4299,2021-10-09,65
4300,2021-10-10,52
4301,2021-10-11,54
4302,2021-10-12,79
4303,2021-10-13,78
4304,2021-10-14,66
4305,2021-10-15,64
4306,2021-10-16,56
4307,2021-10-17,67
4308,2021-10-18,49
4309,2021-10-19,81
4310,2021-10-20,75
4311,2021-10-21,62
4312,2021-10-22,75
4313,2021-10-23,58
4314,2021-10-24,80
4315,2021-10-25,58
4316,2021-10-26,70
4317,2021-10-27,68
4318,2021-10-28,59
4319,2021-10-29,59
4320,2021-10-30,74
4321,2021-10-31,87
4322,2021-11-01,73
4323,2021-11-02,92
4324,2021-11-03,69
4325,2021-11-04,86
4326,2021-11-05,85
4327,2021-11-06,78
4328,2021-11-07,73
4329,2021-11-08,95
4330,2021-11-09,87
4331,2021-11-10,84
4332,2021-11-11,73
4333,2021-11-12,88
4334,2021-11-13,85
4335,2021-11-14,81
4336,2021-11-15,66
4337,2021-11-16,81
4338,2021-11-17,90
4339,2021-11-18,85
4340,2021-11-19,83
4341,2021-11-20,107
4342,2021-11-21,92
4343,2021-11-22,76
4344,2021-11-23,89
4345,2021-11-24,65
4346,2021-11-25,77
4347,2021-11-26,83
4348,2021-11-27,80
4349,2021-11-28,84
4350,2021-11-29,86
4351,2021-11-30,93
4352,2021-12-01,93
4353,2021-12-02,95
4354,2021-12-03,82
4355,2021-12-04,77
4356,2021-12-05,85
4357,2021-12-06,90
4358,2021-12-07,82
4359,2021-12-08,66
4360,2021-12-09,83
4361,2021-12-10,84
4362,2021-12-11,66
4363,2021-12-12,69
4364,2021-12-13,79
4365,2021-12-14,72
4366,2021-12-15,71
4367,2021-12-16,73
4368,2021-12-17,75
4369,2021-12-18,77
4370,2021-12-19,63
4371,2021-12-20,78
4372,2021-12-21,58
4373,2021-12-22,73
4374,2021-12-23,75
4375,2021-12-24,59
4376,2021-12-25,72
4377,2021-12-26,74
4378,2021-12-27,77
4379,2021-12-28,92
4380,2021-12-29,63
4381,2021-12-30,81
4382,2021-12-31,67
4383,2022-01-01,61
4384,2022-01-02,59
4385,2022-01-03,72
4386,2022-01-04,64
4387,2022-01-05,75
4388,2022-01-06,64
4389,2022-01-07,75
4390,2022-01-08,76
4391,2022-01-09,65
4392,2022-01-10,68
4393,2022-01-11,70
4394,2022-01-12,58
4395,2022-01-13,73
4396,2022-01-14,85
4397,2022-01-15,69
4398,2022-01-16,82
4399,2022-01-17,60
4400,2022-01-18,66
4401,2022-01-19,61
4402,2022-01-20,63
4403,2022-01-21,71
4404,2022-01-22,85
4405,2022-01-23,64
4406,2022-01-24,81
4407,2022-01-25,80
4408,2022-01-26,65
4409,2022-01-27,63
4410,2022-01-28,61
4411,2022-01-29,63
4412,2022-01-30,77
4413,2022-01-31,88
4414,2022-02-01,92
4415,2022-02-02,92
4416,2022-02-03,79
4417,2022-02-04,88
4418,2022-02-05,77
4419,2022-02-06,80
4420,2022-02-07,79
4421,2022-02-08,74
4422,2022-02-09,74
4423,2022-02-10,84
4424,2022-02-11,91
4425,2022-02-12,59
4426,2022-02-13,87
4427,2022-02-14,87
4428,2022-02-15,92
4429,2022-02-16,78
4430,2022-02-17,79
4431,2022-02-18,78
4432,2022-02-19,78
4433,2022-02-20,75
4434,2022-02-21,79
4435,2022-02-22,65
4436,2022-02-23,60
4437,2022-02-24,67
4438,2022-02-25,66
4439,2022-02-26,62
4440,2022-02-27,66
4441,2022-02-28,60
4442,2022-03-01,65
4443,2022-03-02,66
4444,2022-03-03,70
4445,2022-03-04,83
4446,2022-03-05,81
4447,2022-03-06,52
