line,Datum,Potrjeni ostali,Potrjeni zasciteni s cepljenjem,Potrjeni ostali 7dnevno povprecje,Potrjeni zasciteni s cepljenjem 7dnevno povprecje,Potrjeni ostali 7dnevno povprecje na 100000,Potrjeni zasciteni s cepljenjem 7dnevno povprecje na 100000
0,04-MAR-2020,1,0,#NULL!,#NULL!,#NULL!,#NULL!
1,05-MAR-2020,5,0,#NULL!,#NULL!,#NULL!,#NULL!
2,06-MAR-2020,4,0,#NULL!,#NULL!,#NULL!,#NULL!
3,07-MAR-2020,4,0,#NULL!,#NULL!,#NULL!,#NULL!
4,08-MAR-2020,5,0,#NULL!,#NULL!,#NULL!,#NULL!
5,09-MAR-2020,9,0,#NULL!,#NULL!,#NULL!,#NULL!
6,10-MAR-2020,17,0,6.43,0.00,0.30,0.00
7,11-MAR-2020,33,0,11.00,0.00,0.52,0.00
8,12-MAR-2020,48,0,17.14,0.00,0.81,0.00
9,13-MAR-2020,44,0,22.86,0.00,1.08,0.00
10,14-MAR-2020,30,0,26.57,0.00,1.26,0.00
11,15-MAR-2020,35,0,30.86,0.00,1.46,0.00
12,16-MAR-2020,24,0,33.00,0.00,1.56,0.00
13,17-MAR-2020,9,0,31.86,0.00,1.51,0.00
14,18-MAR-2020,31,0,31.57,0.00,1.50,0.00
15,19-MAR-2020,21,0,27.71,0.00,1.31,0.00
16,20-MAR-2020,27,0,25.29,0.00,1.20,0.00
17,21-MAR-2020,36,0,26.14,0.00,1.24,0.00
18,22-MAR-2020,33,0,25.86,0.00,1.23,0.00
19,23-MAR-2020,36,0,27.57,0.00,1.31,0.00
20,24-MAR-2020,46,0,32.86,0.00,1.56,0.00
21,25-MAR-2020,45,0,34.86,0.00,1.65,0.00
22,26-MAR-2020,58,0,40.14,0.00,1.90,0.00
23,27-MAR-2020,48,0,43.14,0.00,2.05,0.00
24,28-MAR-2020,47,0,44.71,0.00,2.12,0.00
25,29-MAR-2020,24,0,43.43,0.00,2.06,0.00
26,30-MAR-2020,45,0,44.71,0.00,2.12,0.00
27,31-MAR-2020,37,0,43.43,0.00,2.06,0.00
28,01-APR-2020,50,0,44.14,0.00,2.09,0.00
29,02-APR-2020,37,0,41.14,0.00,1.95,0.00
30,03-APR-2020,39,0,39.86,0.00,1.89,0.00
31,04-APR-2020,19,0,35.86,0.00,1.70,0.00
32,05-APR-2020,21,0,35.43,0.00,1.68,0.00
33,06-APR-2020,33,0,33.71,0.00,1.60,0.00
34,07-APR-2020,36,0,33.57,0.00,1.59,0.00
35,08-APR-2020,31,0,30.86,0.00,1.46,0.00
36,09-APR-2020,34,0,30.43,0.00,1.44,0.00
37,10-APR-2020,29,0,29.00,0.00,1.38,0.00
38,11-APR-2020,16,0,28.57,0.00,1.35,0.00
39,12-APR-2020,7,0,26.57,0.00,1.26,0.00
40,13-APR-2020,8,0,23.00,0.00,1.09,0.00
41,14-APR-2020,27,0,21.71,0.00,1.03,0.00
42,15-APR-2020,21,0,20.29,0.00,0.96,0.00
43,16-APR-2020,34,0,20.29,0.00,0.96,0.00
44,17-APR-2020,13,0,18.00,0.00,0.85,0.00
45,18-APR-2020,12,0,17.43,0.00,0.83,0.00
46,19-APR-2020,5,0,17.14,0.00,0.81,0.00
47,20-APR-2020,9,0,17.29,0.00,0.82,0.00
48,21-APR-2020,9,0,14.71,0.00,0.70,0.00
49,22-APR-2020,11,0,13.29,0.00,0.63,0.00
50,23-APR-2020,7,0,9.43,0.00,0.45,0.00
51,24-APR-2020,13,0,9.43,0.00,0.45,0.00
52,25-APR-2020,8,0,8.86,0.00,0.42,0.00
53,26-APR-2020,5,0,8.86,0.00,0.42,0.00
54,27-APR-2020,4,0,8.14,0.00,0.39,0.00
55,28-APR-2020,8,0,8.00,0.00,0.38,0.00
56,29-APR-2020,9,0,7.71,0.00,0.37,0.00
57,30-APR-2020,5,0,7.43,0.00,0.35,0.00
58,01-MAY-2020,5,0,6.29,0.00,0.30,0.00
59,02-MAY-2020,0,0,5.14,0.00,0.24,0.00
60,03-MAY-2020,0,0,4.43,0.00,0.21,0.00
61,04-MAY-2020,5,0,4.57,0.00,0.22,0.00
62,05-MAY-2020,3,0,3.86,0.00,0.18,0.00
63,06-MAY-2020,1,0,2.71,0.00,0.13,0.00
64,07-MAY-2020,1,0,2.14,0.00,0.10,0.00
65,08-MAY-2020,4,0,2.00,0.00,0.09,0.00
66,09-MAY-2020,3,0,2.43,0.00,0.12,0.00
67,10-MAY-2020,2,0,2.71,0.00,0.13,0.00
68,11-MAY-2020,1,0,2.14,0.00,0.10,0.00
69,12-MAY-2020,2,0,2.00,0.00,0.09,0.00
70,13-MAY-2020,1,0,2.00,0.00,0.09,0.00
71,14-MAY-2020,1,0,2.00,0.00,0.09,0.00
72,15-MAY-2020,0,0,1.43,0.00,0.07,0.00
73,16-MAY-2020,1,0,1.14,0.00,0.05,0.00
74,17-MAY-2020,0,0,0.86,0.00,0.04,0.00
75,18-MAY-2020,1,0,0.86,0.00,0.04,0.00
76,19-MAY-2020,1,0,0.71,0.00,0.03,0.00
77,20-MAY-2020,0,0,0.57,0.00,0.03,0.00
78,21-MAY-2020,0,0,0.43,0.00,0.02,0.00
79,22-MAY-2020,0,0,0.43,0.00,0.02,0.00
80,23-MAY-2020,0,0,0.29,0.00,0.01,0.00
81,24-MAY-2020,1,0,0.43,0.00,0.02,0.00
82,25-MAY-2020,0,0,0.29,0.00,0.01,0.00
83,26-MAY-2020,1,0,0.29,0.00,0.01,0.00
84,27-MAY-2020,2,0,0.57,0.00,0.03,0.00
85,28-MAY-2020,0,0,0.57,0.00,0.03,0.00
86,29-MAY-2020,0,0,0.57,0.00,0.03,0.00
87,30-MAY-2020,0,0,0.57,0.00,0.03,0.00
88,31-MAY-2020,0,0,0.43,0.00,0.02,0.00
89,01-JUN-2020,2,0,0.71,0.00,0.03,0.00
90,02-JUN-2020,2,0,0.86,0.00,0.04,0.00
91,03-JUN-2020,0,0,0.57,0.00,0.03,0.00
92,04-JUN-2020,2,0,0.86,0.00,0.04,0.00
93,05-JUN-2020,3,0,1.29,0.00,0.06,0.00
94,06-JUN-2020,1,0,1.43,0.00,0.07,0.00
95,07-JUN-2020,0,0,1.43,0.00,0.07,0.00
96,08-JUN-2020,1,0,1.29,0.00,0.06,0.00
97,09-JUN-2020,1,0,1.14,0.00,0.05,0.00
98,10-JUN-2020,0,0,1.14,0.00,0.05,0.00
99,11-JUN-2020,2,0,1.14,0.00,0.05,0.00
100,12-JUN-2020,2,0,1.00,0.00,0.05,0.00
101,13-JUN-2020,3,0,1.29,0.00,0.06,0.00
102,14-JUN-2020,1,0,1.43,0.00,0.07,0.00
103,15-JUN-2020,3,0,1.71,0.00,0.08,0.00
104,16-JUN-2020,4,0,2.14,0.00,0.10,0.00
105,17-JUN-2020,6,0,3.00,0.00,0.14,0.00
106,18-JUN-2020,2,0,3.00,0.00,0.14,0.00
107,19-JUN-2020,6,0,3.57,0.00,0.17,0.00
108,20-JUN-2020,1,0,3.29,0.00,0.16,0.00
109,21-JUN-2020,1,0,3.29,0.00,0.16,0.00
110,22-JUN-2020,7,0,3.86,0.00,0.18,0.00
111,23-JUN-2020,6,0,4.14,0.00,0.20,0.00
112,24-JUN-2020,6,0,4.14,0.00,0.20,0.00
113,25-JUN-2020,11,0,5.43,0.00,0.26,0.00
114,26-JUN-2020,13,0,6.43,0.00,0.30,0.00
115,27-JUN-2020,9,0,7.57,0.00,0.36,0.00
116,28-JUN-2020,3,0,7.86,0.00,0.37,0.00
117,29-JUN-2020,15,0,9.00,0.00,0.43,0.00
118,30-JUN-2020,13,0,10.00,0.00,0.47,0.00
119,01-JUL-2020,20,0,12.00,0.00,0.57,0.00
120,02-JUL-2020,16,0,12.71,0.00,0.60,0.00
121,03-JUL-2020,26,0,14.57,0.00,0.69,0.00
122,04-JUL-2020,20,0,16.14,0.00,0.77,0.00
123,05-JUL-2020,14,0,17.71,0.00,0.84,0.00
124,06-JUL-2020,21,0,18.57,0.00,0.88,0.00
125,07-JUL-2020,24,0,20.14,0.00,0.96,0.00
126,08-JUL-2020,12,0,19.00,0.00,0.90,0.00
127,09-JUL-2020,14,0,18.71,0.00,0.89,0.00
128,10-JUL-2020,33,0,19.71,0.00,0.93,0.00
129,11-JUL-2020,14,0,18.86,0.00,0.89,0.00
130,12-JUL-2020,7,0,17.86,0.00,0.85,0.00
131,13-JUL-2020,10,0,16.29,0.00,0.77,0.00
132,14-JUL-2020,17,0,15.29,0.00,0.72,0.00
133,15-JUL-2020,19,0,16.29,0.00,0.77,0.00
134,16-JUL-2020,18,0,16.86,0.00,0.80,0.00
135,17-JUL-2020,23,0,15.43,0.00,0.73,0.00
136,18-JUL-2020,6,0,14.29,0.00,0.68,0.00
137,19-JUL-2020,6,0,14.14,0.00,0.67,0.00
138,20-JUL-2020,24,0,16.14,0.00,0.77,0.00
139,21-JUL-2020,29,0,17.86,0.00,0.85,0.00
140,22-JUL-2020,27,0,19.00,0.00,0.90,0.00
141,23-JUL-2020,19,0,19.14,0.00,0.91,0.00
142,24-JUL-2020,14,0,17.86,0.00,0.85,0.00
143,25-JUL-2020,16,0,19.29,0.00,0.91,0.00
144,26-JUL-2020,5,0,19.14,0.00,0.91,0.00
145,27-JUL-2020,14,0,17.71,0.00,0.84,0.00
146,28-JUL-2020,14,0,15.57,0.00,0.74,0.00
147,29-JUL-2020,24,0,15.14,0.00,0.72,0.00
148,30-JUL-2020,16,0,14.71,0.00,0.70,0.00
149,31-JUL-2020,15,0,14.86,0.00,0.70,0.00
150,01-AUG-2020,9,0,13.86,0.00,0.66,0.00
151,02-AUG-2020,1,0,13.29,0.00,0.63,0.00
152,03-AUG-2020,9,0,12.57,0.00,0.60,0.00
153,04-AUG-2020,18,0,13.14,0.00,0.62,0.00
154,05-AUG-2020,15,0,11.86,0.00,0.56,0.00
155,06-AUG-2020,10,0,11.00,0.00,0.52,0.00
156,07-AUG-2020,13,0,10.71,0.00,0.51,0.00
157,08-AUG-2020,2,0,9.71,0.00,0.46,0.00
158,09-AUG-2020,6,0,10.43,0.00,0.49,0.00
159,10-AUG-2020,17,0,11.57,0.00,0.55,0.00
160,11-AUG-2020,30,0,13.29,0.00,0.63,0.00
161,12-AUG-2020,29,0,15.29,0.00,0.72,0.00
162,13-AUG-2020,37,0,19.14,0.00,0.91,0.00
163,14-AUG-2020,30,0,21.57,0.00,1.02,0.00
164,15-AUG-2020,15,0,23.43,0.00,1.11,0.00
165,16-AUG-2020,13,0,24.43,0.00,1.16,0.00
166,17-AUG-2020,27,0,25.86,0.00,1.23,0.00
167,18-AUG-2020,36,0,26.71,0.00,1.27,0.00
168,19-AUG-2020,43,0,28.71,0.00,1.36,0.00
169,20-AUG-2020,38,0,28.86,0.00,1.37,0.00
170,21-AUG-2020,40,0,30.29,0.00,1.44,0.00
171,22-AUG-2020,33,0,32.86,0.00,1.56,0.00
172,23-AUG-2020,12,0,32.71,0.00,1.55,0.00
173,24-AUG-2020,20,0,31.71,0.00,1.50,0.00
174,25-AUG-2020,35,0,31.57,0.00,1.50,0.00
175,26-AUG-2020,32,0,30.00,0.00,1.42,0.00
176,27-AUG-2020,42,0,30.57,0.00,1.45,0.00
177,28-AUG-2020,37,0,30.14,0.00,1.43,0.00
178,29-AUG-2020,31,0,29.86,0.00,1.42,0.00
179,30-AUG-2020,18,0,30.71,0.00,1.46,0.00
180,31-AUG-2020,41,0,33.71,0.00,1.60,0.00
181,01-SEP-2020,52,0,36.14,0.00,1.71,0.00
182,02-SEP-2020,51,0,38.86,0.00,1.84,0.00
183,03-SEP-2020,47,0,39.57,0.00,1.88,0.00
184,04-SEP-2020,41,0,40.14,0.00,1.90,0.00
185,05-SEP-2020,42,0,41.71,0.00,1.98,0.00
186,06-SEP-2020,24,0,42.57,0.00,2.02,0.00
187,07-SEP-2020,42,0,42.71,0.00,2.03,0.00
188,08-SEP-2020,79,0,46.57,0.00,2.21,0.00
189,09-SEP-2020,78,0,50.43,0.00,2.39,0.00
190,10-SEP-2020,105,0,58.71,0.00,2.78,0.00
191,11-SEP-2020,102,0,67.43,0.00,3.20,0.00
192,12-SEP-2020,96,0,75.14,0.00,3.56,0.00
193,13-SEP-2020,45,0,78.14,0.00,3.71,0.00
194,14-SEP-2020,83,0,84.00,0.00,3.98,0.00
195,15-SEP-2020,123,0,90.29,0.00,4.28,0.00
196,16-SEP-2020,104,0,94.00,0.00,4.46,0.00
197,17-SEP-2020,137,0,98.57,0.00,4.67,0.00
198,18-SEP-2020,111,0,99.86,0.00,4.73,0.00
199,19-SEP-2020,108,0,101.57,0.00,4.82,0.00
200,20-SEP-2020,50,0,102.29,0.00,4.85,0.00
201,21-SEP-2020,87,0,102.86,0.00,4.88,0.00
202,22-SEP-2020,136,0,104.71,0.00,4.97,0.00
203,23-SEP-2020,120,0,107.00,0.00,5.07,0.00
204,24-SEP-2020,192,0,114.86,0.00,5.45,0.00
205,25-SEP-2020,183,0,125.14,0.00,5.93,0.00
206,26-SEP-2020,157,0,132.14,0.00,6.27,0.00
207,27-SEP-2020,38,0,130.43,0.00,6.18,0.00
208,28-SEP-2020,99,0,132.14,0.00,6.27,0.00
209,29-SEP-2020,202,0,141.57,0.00,6.71,0.00
210,30-SEP-2020,173,0,149.14,0.00,7.07,0.00
211,01-OCT-2020,230,0,154.57,0.00,7.33,0.00
212,02-OCT-2020,225,0,160.57,0.00,7.61,0.00
213,03-OCT-2020,166,0,161.86,0.00,7.67,0.00
214,04-OCT-2020,74,0,167.00,0.00,7.92,0.00
215,05-OCT-2020,187,0,179.57,0.00,8.51,0.00
216,06-OCT-2020,356,0,201.57,0.00,9.56,0.00
217,07-OCT-2020,387,0,232.14,0.00,11.01,0.00
218,08-OCT-2020,360,0,250.71,0.00,11.89,0.00
219,09-OCT-2020,379,0,272.71,0.00,12.93,0.00
220,10-OCT-2020,402,0,306.43,0.00,14.53,0.00
221,11-OCT-2020,164,0,319.29,0.00,15.14,0.00
222,12-OCT-2020,388,0,348.00,0.00,16.50,0.00
223,13-OCT-2020,700,0,397.14,0.00,18.83,0.00
224,14-OCT-2020,741,0,447.71,0.00,21.23,0.00
225,15-OCT-2020,827,0,514.43,0.00,24.39,0.00
226,16-OCT-2020,894,0,588.00,0.00,27.88,0.00
227,17-OCT-2020,720,0,633.43,0.00,30.03,0.00
228,18-OCT-2020,533,0,686.14,0.00,32.53,0.00
229,19-OCT-2020,792,0,743.86,0.00,35.27,0.00
230,20-OCT-2020,1496,0,857.57,0.00,40.66,0.00
231,21-OCT-2020,1661,0,989.00,0.00,46.89,0.00
232,22-OCT-2020,1650,0,1106.57,0.00,52.47,0.00
233,23-OCT-2020,1957,0,1258.43,0.00,59.67,0.00
234,24-OCT-2020,1689,0,1396.86,0.00,66.23,0.00
235,25-OCT-2020,1112,0,1479.57,0.00,70.16,0.00
236,26-OCT-2020,1492,0,1579.57,0.00,74.90,0.00
237,27-OCT-2020,2600,0,1737.29,0.00,82.38,0.00
238,28-OCT-2020,2477,0,1853.86,0.00,87.90,0.00
239,29-OCT-2020,1788,0,1873.57,0.00,88.84,0.00
240,30-OCT-2020,1792,0,1850.00,0.00,87.72,0.00
241,31-OCT-2020,1334,0,1799.29,0.00,85.32,0.00
242,01-NOV-2020,556,0,1719.86,0.00,81.55,0.00
243,02-NOV-2020,1164,0,1673.00,0.00,79.33,0.00
244,03-NOV-2020,2019,0,1590.00,0.00,75.39,0.00
245,04-NOV-2020,1682,0,1476.43,0.00,70.01,0.00
246,05-NOV-2020,1558,0,1443.57,0.00,68.45,0.00
247,06-NOV-2020,1605,0,1416.86,0.00,67.18,0.00
248,07-NOV-2020,885,0,1352.71,0.00,64.14,0.00
249,08-NOV-2020,466,0,1339.86,0.00,63.53,0.00
250,09-NOV-2020,1086,0,1328.71,0.00,63.00,0.00
251,10-NOV-2020,2215,0,1356.71,0.00,64.33,0.00
252,11-NOV-2020,1927,0,1391.71,0.00,65.99,0.00
253,12-NOV-2020,1511,0,1385.00,0.00,65.67,0.00
254,13-NOV-2020,1736,0,1403.71,0.00,66.56,0.00
255,14-NOV-2020,914,0,1407.86,0.00,66.76,0.00
256,15-NOV-2020,499,0,1412.57,0.00,66.98,0.00
257,16-NOV-2020,1389,0,1455.86,0.00,69.03,0.00
258,17-NOV-2020,2011,0,1426.71,0.00,67.65,0.00
259,18-NOV-2020,2061,0,1445.86,0.00,68.56,0.00
260,19-NOV-2020,1544,0,1450.57,0.00,68.78,0.00
261,20-NOV-2020,1688,0,1443.71,0.00,68.46,0.00
262,21-NOV-2020,1021,0,1459.00,0.00,69.18,0.00
263,22-NOV-2020,471,0,1455.00,0.00,68.99,0.00
264,23-NOV-2020,1306,0,1443.14,0.00,68.43,0.00
265,24-NOV-2020,2225,0,1473.71,0.00,69.88,0.00
266,25-NOV-2020,1774,0,1432.71,0.00,67.93,0.00
267,26-NOV-2020,1610,0,1442.14,0.00,68.38,0.00
268,27-NOV-2020,1595,0,1428.86,0.00,67.75,0.00
269,28-NOV-2020,1105,0,1440.86,0.00,68.32,0.00
270,29-NOV-2020,426,0,1434.43,0.00,68.02,0.00
271,30-NOV-2020,1296,0,1433.00,0.00,67.95,0.00
272,01-DEC-2020,2429,0,1462.14,0.00,69.33,0.00
273,02-DEC-2020,1772,0,1461.86,0.00,69.32,0.00
274,03-DEC-2020,1783,0,1486.57,0.00,70.49,0.00
275,04-DEC-2020,1629,0,1491.43,0.00,70.72,0.00
276,05-DEC-2020,1031,0,1480.86,0.00,70.22,0.00
277,06-DEC-2020,478,0,1488.29,0.00,70.57,0.00
278,07-DEC-2020,1617,0,1534.14,0.00,72.74,0.00
279,08-DEC-2020,2133,0,1491.86,0.00,70.74,0.00
280,09-DEC-2020,1848,0,1502.71,0.00,71.25,0.00
281,10-DEC-2020,1812,0,1506.86,0.00,71.45,0.00
282,11-DEC-2020,1747,0,1523.71,0.00,72.25,0.00
283,12-DEC-2020,829,0,1494.86,0.00,70.88,0.00
284,13-DEC-2020,432,0,1488.29,0.00,70.57,0.00
285,14-DEC-2020,1528,0,1475.57,0.00,69.97,0.00
286,15-DEC-2020,2110,0,1472.29,0.00,69.81,0.00
287,16-DEC-2020,1644,0,1443.14,0.00,68.43,0.00
288,17-DEC-2020,1510,0,1400.00,0.00,66.38,0.00
289,18-DEC-2020,1428,0,1354.43,0.00,64.22,0.00
290,19-DEC-2020,881,0,1361.86,0.00,64.57,0.00
291,20-DEC-2020,395,0,1356.57,0.00,64.32,0.00
292,21-DEC-2020,1549,0,1359.57,0.00,64.47,0.00
293,22-DEC-2020,2147,0,1364.86,0.00,64.72,0.00
294,23-DEC-2020,2062,0,1424.57,0.00,67.55,0.00
295,24-DEC-2020,1811,0,1467.57,0.00,69.59,0.00
296,25-DEC-2020,368,0,1316.14,0.00,62.41,0.00
297,26-DEC-2020,623,0,1279.29,0.00,60.66,0.00
298,27-DEC-2020,533,0,1299.00,0.00,61.59,0.00
299,28-DEC-2020,1991,0,1362.14,0.00,64.59,0.00
300,29-DEC-2020,2426,0,1402.00,0.00,66.48,0.00
301,30-DEC-2020,2429,0,1454.43,0.00,68.96,0.00
302,31-DEC-2020,1767,0,1448.14,0.00,68.67,0.00
303,01-JAN-2021,398,0,1452.43,0.00,68.87,0.00
304,02-JAN-2021,759,0,1471.86,0.00,69.79,0.00
305,03-JAN-2021,766,0,1505.14,0.00,71.37,0.00
306,04-JAN-2021,2598,0,1591.86,0.00,75.48,0.00
307,05-JAN-2021,3416,0,1733.29,0.00,82.19,0.00
308,06-JAN-2021,2692,0,1770.86,0.00,83.97,0.00
309,07-JAN-2021,2078,0,1815.29,0.00,86.07,0.00
310,08-JAN-2021,1859,0,2024.00,0.00,95.97,0.00
311,09-JAN-2021,759,0,2024.00,0.00,95.97,0.00
312,10-JAN-2021,421,0,1974.71,0.00,93.63,0.00
313,11-JAN-2021,1901,0,1875.14,0.00,88.91,0.00
314,12-JAN-2021,2101,0,1687.29,0.00,80.00,0.00
315,13-JAN-2021,1793,0,1558.86,0.00,73.92,0.00
316,14-JAN-2021,1494,0,1475.43,0.00,69.96,0.00
317,15-JAN-2021,1546,0,1430.71,0.00,67.84,0.00
318,16-JAN-2021,572,0,1404.00,0.00,66.57,0.00
319,17-JAN-2021,299,0,1386.57,0.00,65.75,0.00
320,18-JAN-2021,1706,0,1358.71,0.00,64.43,0.00
321,19-JAN-2021,1716,0,1303.71,0.00,61.82,0.00
322,20-JAN-2021,1453,0,1255.14,0.00,59.51,0.00
323,21-JAN-2021,1456,0,1249.71,0.00,59.26,0.00
324,22-JAN-2021,1513,0,1245.00,0.00,59.03,0.00
325,23-JAN-2021,539,0,1240.29,0.00,58.81,0.00
326,24-JAN-2021,296,0,1239.86,0.00,58.79,0.00
327,25-JAN-2021,1677,0,1235.71,0.00,58.59,0.00
328,26-JAN-2021,1874,0,1258.29,0.00,59.66,0.00
329,27-JAN-2021,1536,0,1270.14,0.00,60.23,0.00
330,28-JAN-2021,1304,0,1248.43,0.00,59.20,0.00
331,29-JAN-2021,1300,0,1218.00,0.00,57.75,0.00
332,30-JAN-2021,586,0,1224.71,0.00,58.07,0.00
333,31-JAN-2021,348,0,1232.14,0.00,58.42,0.00
334,01-FEB-2021,1513,0,1208.71,0.00,57.32,0.00
335,02-FEB-2021,1563,0,1164.29,0.00,55.22,0.00
336,03-FEB-2021,1266,0,1125.71,0.00,53.41,0.00
337,04-FEB-2021,958,1,1076.29,0.14,51.10,1.54
338,05-FEB-2021,979,1,1030.43,0.29,48.96,2.93
339,06-FEB-2021,492,0,1017.00,0.29,48.34,2.93
340,07-FEB-2021,304,0,1010.71,0.29,48.05,2.93
341,08-FEB-2021,336,0,842.57,0.29,40.09,2.93
342,09-FEB-2021,1362,2,813.86,0.57,38.77,5.19
343,10-FEB-2021,1332,3,823.29,1.00,39.27,7.64
344,11-FEB-2021,1041,0,835.14,0.86,39.88,6.10
345,12-FEB-2021,991,0,836.86,0.71,40.02,4.71
346,13-FEB-2021,383,0,821.29,0.71,39.30,4.71
347,14-FEB-2021,243,1,812.57,0.86,38.90,5.23
348,15-FEB-2021,742,0,870.57,0.86,41.70,5.23
349,16-FEB-2021,1096,0,832.57,0.57,39.94,2.97
350,17-FEB-2021,869,1,766.43,0.29,36.83,0.95
351,18-FEB-2021,905,1,747.00,0.43,35.95,1.30
352,19-FEB-2021,951,2,741.29,0.71,35.73,1.93
353,20-FEB-2021,415,2,745.86,1.00,35.97,2.55
354,21-FEB-2021,247,0,746.43,0.86,36.02,2.03
355,22-FEB-2021,900,1,769.00,1.00,37.16,2.34
356,23-FEB-2021,1090,2,768.14,1.29,37.18,2.96
357,24-FEB-2021,855,1,766.14,1.29,37.12,2.84
358,25-FEB-2021,918,1,768.00,1.29,37.24,2.78
359,26-FEB-2021,946,2,767.29,1.29,37.22,2.71
360,27-FEB-2021,454,0,772.86,1.00,37.50,2.09
361,28-FEB-2021,244,0,772.43,1.00,37.48,2.09
362,01-MAR-2021,722,4,747.00,1.43,36.26,2.91
363,02-MAR-2021,1206,4,763.57,1.71,37.08,3.42
364,03-MAR-2021,1016,3,786.57,2.00,38.21,3.94
365,04-MAR-2021,882,1,781.43,2.00,37.97,3.92
366,05-MAR-2021,922,2,778.00,2.00,37.81,3.90
367,06-MAR-2021,382,0,767.71,2.00,37.32,3.90
368,07-MAR-2021,210,0,762.86,2.00,37.08,3.90
369,08-MAR-2021,741,2,765.57,1.71,37.22,3.31
370,09-MAR-2021,956,4,729.86,1.71,35.49,3.27
371,10-MAR-2021,858,1,707.29,1.43,34.40,2.71
372,11-MAR-2021,768,2,691.00,1.57,33.61,2.97
373,12-MAR-2021,849,1,680.57,1.43,33.10,2.69
374,13-MAR-2021,476,2,694.00,1.71,33.76,3.23
375,14-MAR-2021,202,0,692.86,1.71,33.70,3.23
376,15-MAR-2021,914,4,717.57,2.00,34.91,3.75
377,16-MAR-2021,1108,2,739.29,1.71,35.97,3.20
378,17-MAR-2021,974,1,755.86,1.71,36.78,3.19
379,18-MAR-2021,934,7,779.57,2.43,37.95,4.34
380,19-MAR-2021,1025,4,804.71,2.86,39.22,4.95
381,20-MAR-2021,517,1,810.57,2.71,39.52,4.63
382,21-MAR-2021,289,1,823.00,2.86,40.14,4.85
383,22-MAR-2021,972,9,831.29,3.57,40.58,5.73
384,23-MAR-2021,1282,3,856.14,3.71,41.85,5.85
385,24-MAR-2021,1148,9,881.00,4.86,43.12,7.38
386,25-MAR-2021,1022,14,893.57,5.86,43.81,8.21
387,26-MAR-2021,1240,8,924.29,6.43,45.39,8.68
388,27-MAR-2021,635,5,941.14,7.00,46.27,9.29
389,28-MAR-2021,283,2,940.29,7.14,46.24,9.40
390,29-MAR-2021,1075,7,955.00,6.86,47.04,8.60
391,30-MAR-2021,1566,3,995.57,6.86,49.15,8.44
392,31-MAR-2021,1329,6,1021.43,6.43,50.52,7.56
393,01-APR-2021,1166,2,1042.00,4.71,51.62,5.32
394,02-APR-2021,1286,7,1048.57,4.57,52.05,4.91
395,03-APR-2021,716,5,1060.14,4.57,52.67,4.76
396,04-APR-2021,282,0,1060.00,4.29,52.68,4.43
397,05-APR-2021,266,7,944.43,4.29,46.99,4.22
398,06-APR-2021,1185,5,890.00,4.57,44.37,4.40
399,07-APR-2021,1524,2,917.86,4.00,45.84,3.75
400,08-APR-2021,1269,10,932.57,5.14,46.62,4.74
401,09-APR-2021,1249,7,927.29,5.14,46.39,4.67
402,10-APR-2021,545,2,902.86,4.71,45.19,4.25
403,11-APR-2021,284,5,903.14,5.43,45.21,4.87
404,12-APR-2021,1043,7,1014.14,5.43,50.79,4.80
405,13-APR-2021,1222,12,1019.43,6.43,51.09,5.62
406,14-APR-2021,880,12,927.43,7.86,46.51,6.82
407,15-APR-2021,842,19,866.43,9.14,43.48,7.82
408,16-APR-2021,754,17,795.71,10.57,39.95,8.95
409,17-APR-2021,461,13,783.71,12.14,39.36,10.22
410,18-APR-2021,228,5,775.71,12.14,38.96,10.19
411,19-APR-2021,704,16,727.29,13.43,36.55,11.20
412,20-APR-2021,1009,16,696.86,14.00,35.05,11.59
413,21-APR-2021,732,7,675.71,13.29,34.00,10.94
414,22-APR-2021,873,20,680.14,13.43,34.23,11.00
415,23-APR-2021,820,7,689.57,12.00,34.71,9.81
416,24-APR-2021,415,2,683.00,10.43,34.39,8.51
417,25-APR-2021,190,2,677.57,10.00,34.12,8.15
418,26-APR-2021,800,8,691.29,8.86,34.82,7.19
419,27-APR-2021,401,2,604.43,6.86,30.45,5.55
420,28-APR-2021,912,7,630.14,6.86,31.77,5.50
421,29-APR-2021,945,3,640.43,4.43,32.34,3.48
422,30-APR-2021,1009,8,667.43,4.57,33.78,3.47
423,01-MAY-2021,359,6,659.43,5.14,33.41,3.81
424,02-MAY-2021,206,2,661.71,5.14,33.54,3.77
425,03-MAY-2021,881,8,673.29,5.14,34.21,3.62
426,04-MAY-2021,923,4,747.86,5.43,38.05,3.78
427,05-MAY-2021,772,5,727.86,5.14,37.13,3.45
428,06-MAY-2021,599,9,678.43,6.00,34.69,3.89
429,07-MAY-2021,613,18,621.86,7.43,31.89,4.54
430,08-MAY-2021,287,2,611.57,6.86,31.40,4.13
431,09-MAY-2021,143,3,602.57,7.00,30.95,4.17
432,10-MAY-2021,478,10,545.00,7.29,28.07,4.21
433,11-MAY-2021,714,10,515.14,8.14,26.62,4.62
434,12-MAY-2021,592,5,489.43,8.14,25.36,4.57
435,13-MAY-2021,462,7,469.86,7.86,24.39,4.32
436,14-MAY-2021,489,6,452.14,6.14,23.54,3.29
437,15-MAY-2021,286,6,452.00,6.71,23.57,3.52
438,16-MAY-2021,111,2,447.43,6.57,23.36,3.41
439,17-MAY-2021,488,6,448.86,6.00,23.52,3.00
440,18-MAY-2021,533,4,423.00,5.14,22.27,2.45
441,19-MAY-2021,354,3,389.00,4.86,20.58,2.25
442,20-MAY-2021,329,3,370.00,4.29,19.65,1.92
443,21-MAY-2021,371,8,353.14,4.57,18.83,1.96
444,22-MAY-2021,156,1,334.57,3.86,17.87,1.62
445,23-MAY-2021,83,0,330.57,3.57,17.67,1.49
446,24-MAY-2021,320,2,306.57,3.00,16.45,1.22
447,25-MAY-2021,385,5,285.43,3.14,15.39,1.24
448,26-MAY-2021,359,7,286.14,3.71,15.48,1.42
449,27-MAY-2021,283,3,279.57,3.71,15.16,1.40
450,28-MAY-2021,347,4,276.14,3.14,15.03,1.15
451,29-MAY-2021,134,3,273.00,3.43,14.88,1.25
452,30-MAY-2021,88,1,273.71,3.57,14.93,1.29
453,31-MAY-2021,314,7,272.86,4.29,14.94,1.52
454,01-JUN-2021,366,7,270.14,4.57,14.85,1.57
455,02-JUN-2021,257,14,255.57,5.57,14.11,1.84
456,03-JUN-2021,274,6,254.29,6.00,14.08,1.96
457,04-JUN-2021,240,7,239.00,6.43,13.29,2.06
458,05-JUN-2021,150,5,241.29,6.71,13.45,2.12
459,06-JUN-2021,54,3,236.43,7.00,13.19,2.20
460,07-JUN-2021,212,8,221.86,7.14,12.43,2.20
461,08-JUN-2021,246,8,204.71,7.29,11.53,2.19
462,09-JUN-2021,189,6,195.00,6.14,11.04,1.78
463,10-JUN-2021,118,5,172.71,6.00,9.84,1.70
464,11-JUN-2021,124,2,156.14,5.29,8.94,1.47
465,12-JUN-2021,88,2,147.29,4.86,8.47,1.33
466,13-JUN-2021,20,3,142.43,4.86,8.21,1.31
467,14-JUN-2021,108,5,127.57,4.43,7.40,1.15
468,15-JUN-2021,107,7,107.71,4.29,6.30,1.06
469,16-JUN-2021,76,8,91.57,4.57,5.40,1.09
470,17-JUN-2021,84,5,86.71,4.57,5.15,1.06
471,18-JUN-2021,82,0,80.71,4.29,4.83,0.99
472,19-JUN-2021,24,0,71.57,4.00,4.30,0.92
473,20-JUN-2021,18,0,71.29,3.57,4.29,0.82
474,21-JUN-2021,63,3,64.86,3.29,3.94,0.73
475,22-JUN-2021,49,3,56.57,2.71,3.47,0.58
476,23-JUN-2021,39,3,51.29,2.00,3.17,0.41
477,24-JUN-2021,41,4,45.14,1.86,2.81,0.36
478,25-JUN-2021,11,0,35.00,1.86,2.19,0.36
479,26-JUN-2021,15,0,33.71,1.86,2.12,0.36
480,27-JUN-2021,6,0,32.00,1.86,2.01,0.36
481,28-JUN-2021,34,2,27.86,1.71,1.77,0.32
482,29-JUN-2021,45,1,27.29,1.43,1.75,0.26
483,30-JUN-2021,21,2,24.71,1.29,1.60,0.23
484,01-JUL-2021,22,1,22.00,0.86,1.43,0.15
485,02-JUL-2021,28,1,24.43,1.00,1.60,0.17
486,03-JUL-2021,8,0,23.43,1.00,1.53,0.17
487,04-JUL-2021,7,0,23.57,1.00,1.55,0.17
488,05-JUL-2021,44,4,25.00,1.29,1.65,0.21
489,06-JUL-2021,67,4,28.14,1.71,1.88,0.28
490,07-JUL-2021,65,3,34.43,1.86,2.31,0.30
491,08-JUL-2021,76,5,42.14,2.43,2.85,0.38
492,09-JUL-2021,78,3,49.29,2.71,3.35,0.43
493,10-JUL-2021,23,0,51.43,2.71,3.50,0.43
494,11-JUL-2021,9,1,51.71,2.86,3.53,0.45
495,12-JUL-2021,73,11,55.86,3.86,3.83,0.59
496,13-JUL-2021,74,9,56.86,4.57,3.92,0.69
497,14-JUL-2021,52,3,55.00,4.57,3.82,0.68
498,15-JUL-2021,58,4,52.43,4.43,3.66,0.66
499,16-JUL-2021,54,7,49.00,5.00,3.45,0.73
500,17-JUL-2021,19,2,48.43,5.29,3.41,0.77
501,18-JUL-2021,6,2,48.00,5.43,3.39,0.79
502,19-JUL-2021,78,11,48.71,5.43,3.47,0.77
503,20-JUL-2021,100,10,52.43,5.57,3.77,0.77
504,21-JUL-2021,61,9,53.71,6.43,3.88,0.89
505,22-JUL-2021,47,10,52.14,7.29,3.78,1.00
506,23-JUL-2021,83,7,56.29,7.29,4.11,0.99
507,24-JUL-2021,31,1,58.00,7.14,4.24,0.97
508,25-JUL-2021,16,4,59.43,7.43,4.35,1.00
509,26-JUL-2021,95,11,61.86,7.43,4.55,0.99
510,27-JUL-2021,72,12,57.86,7.71,4.28,1.02
511,28-JUL-2021,80,15,60.57,8.57,4.50,1.12
512,29-JUL-2021,98,15,67.86,9.29,5.07,1.20
513,30-JUL-2021,114,20,72.29,11.14,5.42,1.43
514,31-JUL-2021,50,7,75.00,12.00,5.64,1.54
515,01-AUG-2021,26,5,76.43,12.14,5.75,1.56
516,02-AUG-2021,147,26,83.86,14.29,6.34,1.82
517,03-AUG-2021,126,13,91.57,14.43,6.94,1.83
518,04-AUG-2021,125,14,98.00,14.29,7.45,1.80
519,05-AUG-2021,115,23,100.43,15.43,7.66,1.93
520,06-AUG-2021,108,18,99.57,15.14,7.62,1.89
521,07-AUG-2021,57,10,100.57,15.57,7.70,1.94
522,08-AUG-2021,39,7,102.43,15.86,7.85,1.97
523,09-AUG-2021,184,31,107.71,16.57,8.29,2.04
524,10-AUG-2021,208,37,119.43,20.00,9.23,2.45
525,11-AUG-2021,213,30,132.00,22.29,10.23,2.72
526,12-AUG-2021,169,23,139.71,22.29,10.86,2.71
527,13-AUG-2021,224,37,156.29,25.00,12.18,3.03
528,14-AUG-2021,69,22,158.00,26.71,12.33,3.23
529,15-AUG-2021,47,10,159.14,27.14,12.43,3.27
530,16-AUG-2021,251,59,168.71,31.14,13.22,3.73
531,17-AUG-2021,336,49,187.00,32.86,14.71,3.92
532,18-AUG-2021,320,59,202.29,37.00,15.97,4.39
533,19-AUG-2021,278,53,217.86,41.29,17.25,4.88
534,20-AUG-2021,325,59,232.29,44.43,18.45,5.23
535,21-AUG-2021,204,38,251.57,46.71,20.01,5.49
536,22-AUG-2021,100,16,259.14,47.57,20.63,5.58
537,23-AUG-2021,383,89,278.00,51.86,22.19,6.05
538,24-AUG-2021,411,96,288.71,58.57,23.12,6.80
539,25-AUG-2021,416,89,302.43,62.86,24.30,7.27
540,26-AUG-2021,417,118,322.29,72.14,25.96,8.31
541,27-AUG-2021,409,127,334.29,81.86,27.01,9.38
542,28-AUG-2021,222,54,336.86,84.14,27.26,9.63
543,29-AUG-2021,108,32,338.00,86.43,27.37,9.88
544,30-AUG-2021,430,106,344.71,88.86,28.00,10.12
545,31-AUG-2021,619,152,374.43,96.86,30.53,10.97
546,01-SEP-2021,517,149,388.86,105.43,31.81,11.89
547,02-SEP-2021,473,134,396.86,107.71,32.57,12.10
548,03-SEP-2021,592,148,423.00,110.71,34.83,12.38
549,04-SEP-2021,262,55,428.71,110.86,35.35,12.37
550,05-SEP-2021,189,46,440.29,112.86,36.34,12.58
551,06-SEP-2021,674,203,475.14,126.71,39.33,14.06
552,07-SEP-2021,863,230,510.00,137.86,42.38,15.23
553,08-SEP-2021,795,222,549.71,148.29,45.81,16.31
554,09-SEP-2021,787,210,594.57,159.14,49.69,17.44
555,10-SEP-2021,841,240,630.14,172.29,52.82,18.81
556,11-SEP-2021,451,108,657.14,179.86,55.15,19.61
557,12-SEP-2021,207,76,659.71,184.14,55.41,20.05
558,13-SEP-2021,1100,291,720.57,196.71,60.70,21.34
559,14-SEP-2021,1073,292,750.57,205.57,63.42,22.22
560,15-SEP-2021,1036,287,785.00,214.86,66.49,23.14
561,16-SEP-2021,915,230,803.29,217.71,68.20,23.39
562,17-SEP-2021,949,299,818.71,226.14,69.67,24.21
563,18-SEP-2021,427,114,815.29,227.00,69.46,24.27
564,19-SEP-2021,223,65,817.57,225.43,69.69,24.09
565,20-SEP-2021,978,328,800.14,230.71,68.38,24.57
566,21-SEP-2021,914,271,777.43,227.71,66.62,24.17
567,22-SEP-2021,765,240,738.71,221.00,63.48,23.37
568,23-SEP-2021,704,234,708.57,221.57,61.05,23.36
569,24-SEP-2021,791,215,686.00,209.57,59.29,22.02
570,25-SEP-2021,325,119,671.43,210.29,58.11,22.06
571,26-SEP-2021,224,59,671.57,209.43,58.17,21.95
572,27-SEP-2021,777,259,642.86,199.57,55.89,20.82
573,28-SEP-2021,954,386,648.57,216.00,56.63,22.40
574,29-SEP-2021,758,264,647.57,219.43,56.76,22.66
575,30-SEP-2021,680,291,644.14,227.57,56.69,23.37
576,01-OCT-2021,715,277,633.29,236.43,56.00,24.16
577,02-OCT-2021,393,138,643.00,239.14,57.00,24.37
578,03-OCT-2021,176,49,636.14,237.71,56.47,24.20
579,04-OCT-2021,758,221,633.43,232.29,56.53,23.52
580,05-OCT-2021,903,304,626.14,220.57,56.20,22.18
581,06-OCT-2021,727,239,621.71,217.00,56.04,21.72
582,07-OCT-2021,625,212,613.86,205.71,55.52,20.51
583,08-OCT-2021,652,230,604.86,199.00,54.88,19.76
584,09-OCT-2021,355,132,599.43,198.14,54.48,19.64
585,10-OCT-2021,135,50,593.57,198.29,53.98,19.64
586,11-OCT-2021,730,272,589.57,205.57,53.81,20.28
587,12-OCT-2021,877,346,585.86,211.57,53.70,20.77
588,13-OCT-2021,761,319,590.71,223.00,54.35,21.81
589,14-OCT-2021,763,338,610.43,241.00,56.36,23.49
590,15-OCT-2021,953,481,653.43,276.86,60.54,26.87
591,16-OCT-2021,424,206,663.29,287.43,61.55,27.85
592,17-OCT-2021,221,143,675.57,300.71,62.73,29.12
593,18-OCT-2021,1164,505,737.57,334.00,68.73,32.24
594,19-OCT-2021,1443,709,818.43,385.86,76.60,37.08
595,20-OCT-2021,1211,635,882.71,431.00,82.94,41.25
596,21-OCT-2021,1277,691,956.14,481.43,90.28,45.85
597,22-OCT-2021,1509,760,1035.57,521.29,98.37,49.35
598,23-OCT-2021,1006,488,1118.71,561.57,106.61,53.00
599,24-OCT-2021,484,222,1156.29,572.86,110.35,53.99
600,25-OCT-2021,1500,793,1204.29,614.00,115.57,57.56
601,26-OCT-2021,1994,1140,1283.00,675.57,123.92,62.93
602,27-OCT-2021,1695,934,1352.14,718.29,131.22,66.59
603,28-OCT-2021,1618,888,1400.86,746.43,136.51,68.92
604,29-OCT-2021,1921,1066,1459.71,790.14,142.82,72.68
605,30-OCT-2021,1099,561,1473.00,800.57,144.45,73.50
606,31-OCT-2021,809,443,1519.43,832.14,149.20,76.31
607,01-NOV-2021,746,389,1411.71,774.43,138.94,70.87
608,02-NOV-2021,2157,1299,1435.00,797.14,141.75,72.69
609,03-NOV-2021,2862,1645,1601.71,898.71,158.72,81.71
610,04-NOV-2021,2386,1388,1711.43,970.14,169.99,88.01
611,05-NOV-2021,2302,1351,1765.86,1010.86,175.77,91.53
612,06-NOV-2021,1471,843,1819.00,1051.14,181.27,95.08
613,07-NOV-2021,804,480,1818.29,1056.43,181.34,95.49
614,08-NOV-2021,2113,1227,2013.57,1176.14,201.03,106.22
615,09-NOV-2021,2911,1560,2121.29,1213.43,212.16,109.41
616,10-NOV-2021,2287,1280,2039.14,1161.29,204.30,104.55
617,11-NOV-2021,2171,1258,2008.43,1142.71,201.49,102.75
618,12-NOV-2021,2405,1257,2023.14,1129.29,203.21,101.43
619,13-NOV-2021,1558,806,2035.57,1124.00,204.62,100.89
620,14-NOV-2021,1186,634,2090.14,1146.00,210.20,102.82
621,15-NOV-2021,2439,1323,2136.71,1159.71,215.09,103.96
622,16-NOV-2021,2844,1433,2127.14,1141.57,214.37,102.23
623,17-NOV-2021,2497,1164,2157.14,1125.00,217.60,100.66
624,18-NOV-2021,2330,1184,2179.86,1114.43,220.08,99.64
625,19-NOV-2021,2224,1013,2154.00,1079.57,217.65,96.46
626,20-NOV-2021,1534,708,2150.57,1065.57,217.44,95.16
627,21-NOV-2021,945,442,2116.14,1038.14,214.05,92.67
628,22-NOV-2021,2303,1089,2096.71,1004.71,212.32,89.59
629,23-NOV-2021,2110,1028,1991.86,946.86,201.93,84.35
630,24-NOV-2021,1840,827,1898.00,898.71,192.62,79.99
631,25-NOV-2021,1619,742,1796.43,835.57,182.50,74.30
632,26-NOV-2021,1558,665,1701.29,785.86,173.01,69.82
633,27-NOV-2021,999,480,1624.86,753.29,165.36,66.88
634,28-NOV-2021,704,332,1590.43,737.57,161.94,65.46
635,29-NOV-2021,1713,772,1506.14,692.29,153.55,61.37
636,30-NOV-2021,1531,723,1423.43,648.71,145.31,57.44
637,01-DEC-2021,1491,636,1373.57,621.43,140.39,54.97
638,02-DEC-2021,1182,556,1311.14,594.86,134.16,52.57
639,03-DEC-2021,1331,571,1278.71,581.43,130.99,51.33
640,04-DEC-2021,766,348,1245.43,562.57,127.68,49.63
641,05-DEC-2021,543,232,1222.43,548.29,125.39,48.35
642,06-DEC-2021,1363,588,1172.43,522.00,120.42,45.98
643,07-DEC-2021,1319,532,1142.14,494.71,117.47,43.53
644,08-DEC-2021,1186,498,1098.57,475.00,113.13,41.75
645,09-DEC-2021,936,385,1063.43,450.57,109.63,39.56
646,10-DEC-2021,1029,447,1020.29,432.86,105.31,37.97
647,11-DEC-2021,550,232,989.43,416.29,102.20,36.49
648,12-DEC-2021,478,199,980.14,411.57,101.31,36.06
649,13-DEC-2021,1219,493,959.57,398.00,99.36,34.81
650,14-DEC-2021,1054,475,921.71,389.86,95.61,34.05
651,15-DEC-2021,978,366,892.00,371.00,92.69,32.36
652,16-DEC-2021,872,408,882.86,374.29,91.89,32.60
653,17-DEC-2021,898,386,864.14,365.57,90.11,31.79
654,18-DEC-2021,528,234,861.00,365.86,89.88,31.78
655,19-DEC-2021,412,173,851.57,362.14,88.97,31.44
656,20-DEC-2021,1055,499,828.14,363.00,86.73,31.45
657,21-DEC-2021,830,418,796.14,354.86,83.55,30.69
658,22-DEC-2021,774,348,767.00,352.29,80.66,30.42
659,23-DEC-2021,769,433,752.29,355.86,79.27,30.67
660,24-DEC-2021,733,356,728.71,351.57,76.94,30.25
661,25-DEC-2021,428,236,714.43,351.86,75.53,30.25
662,26-DEC-2021,455,243,720.57,361.86,76.27,31.08
663,27-DEC-2021,1136,681,732.14,387.86,77.70,33.24
664,28-DEC-2021,1140,723,776.43,431.43,82.58,36.91
665,29-DEC-2021,1022,661,811.86,476.14,86.50,40.68
666,30-DEC-2021,1134,756,864.00,522.29,92.21,44.56
667,31-DEC-2021,990,673,900.71,567.57,96.25,48.37
668,01-JAN-2022,501,325,911.14,580.29,97.43,49.43
669,02-JAN-2022,536,471,922.71,612.86,98.74,52.17
670,03-JAN-2022,1894,1491,1031.00,728.57,110.57,61.91
671,04-JAN-2022,2220,1842,1185.29,888.43,127.39,75.37
672,05-JAN-2022,2060,1767,1333.57,1046.43,143.57,88.66
673,06-JAN-2022,2208,1853,1487.00,1203.14,160.37,101.80
674,07-JAN-2022,2609,1860,1718.29,1372.71,185.56,116.04
675,08-JAN-2022,1856,1477,1911.86,1537.29,206.60,129.89
676,09-JAN-2022,1395,1118,2034.57,1629.71,219.96,137.65
677,10-JAN-2022,3028,2133,2196.57,1721.43,237.74,145.27
678,11-JAN-2022,4425,2993,2511.57,1885.86,272.17,159.00
679,12-JAN-2022,4030,2833,2793.00,2038.14,302.94,171.71
680,13-JAN-2022,3982,2940,3046.43,2193.43,330.66,184.69
681,14-JAN-2022,4553,3029,3324.14,2360.43,361.04,198.65
682,15-JAN-2022,3618,2383,3575.86,2489.86,388.54,209.47
683,16-JAN-2022,2884,2074,3788.57,2626.43,411.77,220.91
684,17-JAN-2022,5239,3433,4104.43,2812.14,446.36,236.43
685,18-JAN-2022,7451,4825,4536.71,3073.86,493.75,258.28
686,19-JAN-2022,6023,4245,4821.43,3275.57,525.08,275.09
687,20-JAN-2022,5860,3983,5089.71,3424.57,554.70,287.43
